순번,대표도면,발명의명칭,발명의명칭(영문),IPC분류,CPC분류,출원번호,출원일자,출원인,번역문제출일자,등록번호,등록일자,공개번호,공개일자,공고번호,공고일자,국제출원번호,국제출원일자,국제공개번호,국제공개일자,우선권정보,법적상태,심사진행상태,원출원번호,원출원일자,관련출원번호,심사청구여부(일자),심사청구항수,요약,발명자,대리인,최종권리자,지정국,피인용 횟수,청구항
1,,추가 구성 요소를 이용한 얼굴 인식 기능을 가지는 모바일 장치 및 그 제어 방법,mobile apparatus having function of face recognition with additional component,G06V 10/40(2022.01)|G06V 10/00(2022.01)|G06T 7/00(2017.01),G06K 9/46(2013.01)|G06K 9/78(2013.01)|G06T 7/00(2013.01),1.02012E+12,2012.12.18,삼성전자주식회사(경기도 수원시 영통구...),,1.02042E+12,2019.11.01,1.02014E+12,2014.06.26,,2019.11.07,,,,,,등록,등록결정(재심사후),,,,Y(2017.12.18),20,"본 발명의 일 실시예에 따른 추가 구성 요소를 이용한 얼굴 인식 기능을 가지는 모바일 장치 제어 방법은 상기 모바일 장치의 제1 상태에서, 상기 모바일 장치의 카메라를 통해 이미지를 획득하는 단계, 상기 획득된 이미지를 분석하여 얼굴 형상 및 상기 얼굴 형상에 포함된 적어도 하나의 주요 구성 요소를 추출하는 단계, 상기 추출된 얼굴 형상 및 상기 적어도 하나의 주요 구성 요소에 기반한 상기 얼굴 인식 기능을 이용하여 상기 획득된 이미지로부터 인식된 얼굴이 등록된 사용자의 얼굴과 일치하는지 여부를 확인하는 단계, 상기 획득된 이미지로부터 인식된 얼굴이 상기 등록된 사용자의 얼굴과 일치하면, 상기 획득된 이미지에서 적어도 하나의 추가 형상 및 상기 추가 형상에 포함된 적어도 하나의 추가 구성 요소를 추출하는 단계, 상기 적어도 하나의 추가 형상 및 상기 적어도 하나의 추가 구성 요소의 추출에 응답하여, 상기 모바일 장치의 제1 상태를 복수의 제2 상태들 중 미리 설정된 제2 상태로 상기 모바일 장치를 변경시키는 단계를 포함하고, 상기 복수의 제2 상태들의 각 상태는 상기 모바일 장치의 상기 제1 상태와 상이하고, 각각이 서로 다른 복수의 기능들을 수행하는 복수의 애플리케이션들 중 하나의 실행이고, 상기 미리 설정된 제2 상태는 상기 추출된 적어도 하나의 추가 형상 및 적어도 하나의 추가 구성 요소에 대응되는 것을 특징으로 한다. 또한 다른 실시예들이 가능하다.",이유진(서울특별시 서초구...)|윤성진(경기도 수원시 영통구...),이건주(서울 종로구 명륜동*가 ***-*  미화빌딩 이건주특허법률사무소),엠텍비젼 주식회사(경기도 성남시 수정구...),,1,"[청구항1]추가 구성 요소를 이용한 얼굴 인식 기능을 가지는 모바일 장치의 제어 방법에 있어서,상기 모바일 장치의 제1 상태에서, 상기 모바일 장치의 카메라를 통해 이미지를 획득하는 단계;상기 획득된 이미지를 분석하여 얼굴 형상 또는 상기 얼굴 형상에 포함된 적어도 하나의 주요 구성 요소를 추출하는 단계;상기 추출된 얼굴 형상 또는 상기 적어도 하나의 주요 구성 요소에 기반한 상기 얼굴 인식 기능을 이용하여 상기 획득된 이미지로부터 인식된 얼굴이 등록된 사용자의 얼굴과 일치하는지 여부를 확인하는 단계;상기 획득된 이미지로부터 인식된 얼굴이 상기 등록된 사용자의 얼굴과 일치하는 것에 응답하여, 상기 획득된 이미지에서 적어도 하나의 추가 형상 또는 상기 추가 형상에 포함된 적어도 하나의 추가 구성 요소를 추출하는 단계;상기 적어도 하나의 추가 형상 또는 상기 적어도 하나의 추가 구성 요소의 추출에 응답하여, 상기 모바일 장치의 제1 상태를 복수의 제2 상태들 중 미리 설정된 제2 상태로 상기 모바일 장치를 변경시키는 단계를 포함하고,상기 복수의 제2 상태들의 각 상태는 상기 모바일 장치의 상기 제1 상태와 상이하고, 각각이 서로 다른 복수의 기능들을 수행하는 복수의 애플리케이션들 중 하나의 실행이고,상기 미리 설정된 제2 상태는 상기 추출된 적어도 하나의 주요 구성 요소의 미리 설정된 주변 영역에 위치한 상기 추출된 적어도 하나의 추가 형상 또는 적어도 하나의 추가 구성 요소에 대응되는 것을 특징으로 하는 방법.
[청구항2]제1항에 있어서,상기 적어도 하나의 추가 형상은 손이고, 상기 적어도 하나의 추가 구성 요소는 손가락인 것을 특징으로 하는 방법.
[청구항3]제1항에 있어서,상기 모바일 장치의 상기 제1 상태에서 상기 얼굴 인식 기능이 활성화되어 있는지 확인하는 단계를 더 포함하고,상기 제1 상태가 잠금 상태일 때, 상기 모바일 장치의 상기 제1 상태에서 상기 얼굴 인식 기능이 활성화되어 있는지 확인하는 단계는,상기 잠금 상태에서 잠금 해제 트리거를 검출하는 단계, 및상기 잠금 해제 트리거가 검출된 경우, 상기 얼굴 인식 기능이 활성화되어 있는지 확인하는 단계를 포함하는 것을 특징으로 방법.
[청구항4]제1항에 있어서,상기 획득된 이미지로부터 인식된 얼굴이 등록된 사용자의 얼굴과 일치하는 경우, 잠금 해제 상태로 상기 모바일 장치를 변경시키는 단계를 더 포함하는 것을 특징으로 방법.
[청구항5]제1항에 있어서,상기 제1 상태는 제1 액션을 실행하는 상태이고, 상기 미리 설정된 제2 상태는 제2 액션을 실행하는 상태인 것을 특징으로 하는 방법.
[청구항6]제5항에 있어서,상기 제1 액션은 제1 애플리케이션의 실행이고, 상기 제2 액션은 제2 애플리케이션의 실행인 것을 특징으로 하는 방법.
[청구항7]제1항에 있어서,상기 미리 설정된 제2 상태는 상기 추출된 적어도 하나의 추가 구성 요소의 갯수에 대응하여 설정되는 것을 특징으로 하는 방법.
[청구항8]삭제
[청구항9]제1항에 있어서,상기 미리 설정된 제2 상태는 상기 추출된 적어도 하나의 추가 형상 또는 상기 추출된 적어도 하나의 추가 구성 요소의 모양에 대응하여 설정되는 것을 특징으로 하는 방법.
[청구항10]제1항에 있어서,상기 미리 설정된 제2 상태는 상기 추출된 적어도 하나의 추가 구성 요소의 움직임에 대응하여 설정되는 것을 특징으로 하는 방법.
[청구항11]제1항에 있어서,상기 적어도 하나의 추가 형상은 물체인 것을 특징으로 하는 방법.
[청구항12]추가 구성 요소를 이용한 얼굴 인식 기능을 가지는 모바일 장치에 있어서,이미지를 획득하는 카메라; 및 제어부를 포함하고,상기 제어부는:상기 모바일 장치의 제1 상태에서, 상기 카메라를 제어하여 이미지를 획득하고,상기 획득된 이미지를 분석하여 얼굴 형상 또는 상기 얼굴 형상에 포함된 적어도 하나의 주요 구성 요소를 추출하고,상기 추출된 얼굴 형상 또는 상기 적어도 하나의 주요 구성 요소에 기반한 상기 얼굴 인식 기능을 이용하여 상기 획득된 이미지로부터 인식된 얼굴이 등록된 사용자의 얼굴과 일치하는지 여부를 확인하고, 상기 획득된 이미지로부터 인식된 얼굴이 상기 등록된 얼굴과 일치하는 것에 응답하여, 상기 획득된 이미지에서 적어도 하나의 추가 형상 또는 상기 추가 형상에 포함된 적어도 하나의 추가 구성 요소를 추출하고,상기 적어도 하나의 추가 형상 또는 상기 적어도 하나의 추가 구성 요소의 추출에 응답하여, 상기 모바일 장치의 제1 상태를 복수의 제2 상태들 중 미리 설정된 제2 상태로 상기 모바일 장치를 변경시키고,상기 복수의 제2 상태들의 각 상태는 상기 모바일 장치의 상기 제1 상태와 상이하고, 각각이 서로 다른 복수의 기능들을 수행하는 복수의 애플리케이션들 중 하나의 실행이고,상기 미리 설정된 제2 상태는 상기 추출된 적어도 하나의 주요 구성 요소의 미리 설정된 주변 영역에 위치한 상기 추출된 적어도 하나의 추가 형상 또는 적어도 하나의 추가 구성 요소에 대응되는 것을 특징으로 하는 모바일 장치.
[청구항13]제12항에 있어서,상기 적어도 하나의 추가 형상은 손이고, 상기 적어도 하나의 추가 구성 요소는 손가락인 것을 특징으로 하는 모바일 장치.
[청구항14]제12항에 있어서,상기 제1 상태가 잠금 상태일 때,상기 제어부는, 상기 잠금 상태에서 잠금 해제 트리거를 검출하고,상기 잠금 해제 트리거가 검출된 경우, 상기 얼굴 인식 기능이 활성화되어 있는지 확인하는 것을 특징으로 하는 모바일 장치.
[청구항15]제12항에 있어서,상기 제어부는,상기 획득된 이미지로부터 인식된 얼굴이 등록된 사용자의 얼굴과 일치하는 경우, 잠금 해제 상태로 상기 모바일 장치를 변경시키는 것을 특징으로 하는 모바일 장치.
[청구항16]제12항에 있어서,상기 제1 상태는 제1 액션을 실행하는 상태이고, 상기 미리 설정된 제2 상태는 제2 액션을 실행하는 상태인 것을 특징으로 하는 모바일 장치.
[청구항17]제16항에 있어서,상기 제1 액션은 제1 애플리케이션의 실행이고, 상기 제2 액션은 제2 애플리케이션의 실행인 것을 특징으로 하는 모바일 장치.
[청구항18]제12항에 있어서,상기 미리 설정된 제2 상태는 상기 추출된 적어도 하나의 추가 구성 요소의 갯수에 대응하여 설정되는 것을 특징으로 하는 모바일 장치.
[청구항19]삭제
[청구항20]제12항에 있어서,상기 미리 설정된 제2 상태는 상기 추출된 적어도 하나의 추가 형상 또는 상기 추출된 적어도 하나의 추가 구성 요소의 모양에 대응하여 설정되는 것을 특징으로 하는 모바일 장치.
[청구항21]제12항에 있어서,상기 미리 설정된 제2 상태는 상기 추출된 적어도 하나의 추가 구성 요소의 움직임에 대응하여 설정되는 것을 특징으로 하는 모바일 장치.
[청구항22]제12항에 있어서,상기 적어도 하나의 추가 형상은 물체인 것을 특징으로 하는 모바일 장치."
2,,이종의 센서를 이용한 태양광 발전량 예측 방법 및 시스템,method and system for predicting amount of solar power using heterogeneous sensors,H02S 50/00(2014.01)|G06Q 50/06(2024.01)|G01W 1/02(2022.01)|G06V 10/00(2022.01),H02S 50/00(2013.01)|G06Q 50/06(2013.01)|G01W 1/02(2013.01)|G06V 10/00(2013.01)|Y02E 10/56(2013.01),1.02023E+12,2023.10.12,식스티헤르츠 주식회사(서울특별시 성동구...),,1.02623E+12,2024.01.04,,,,2024.01.10,,,,,1020230107439 (2023.08.17) 대한민국KR,등록,등록결정(일반),,,,Y(2023.10.12),9,"본 개시는 이종의 센서를 이용한 태양광 발전량 예측 방법 및 시스템을 제공한다. 이종의 센서를 이용한 태양광 발전량 예측 방법은 태양광 발전소와 연관된 마이크로웨이브 링크(microwave link) 데이터를 수신하는 단계, 마이크로웨이브 링크 데이터에 기초하여, 태양광 발전소가 위치한 지역의 현재 강우량을 예측하는 단계, 지상 관측 데이터를 수신하는 단계, 예측된 현재 강우량 및 지상 관측 데이터에 기초하여, 특정 미래 시점의 강우량을 예측하는 단계 및 예측된 특정 미래 시점의 강우량에 기초하여 특정 미래 시점의 태양광 발전소 발전량을 예측하는 단계를 포함할 수 있다.",조원석(서울특별시 중구...)|김종규(서울특별시 중구...)|최철호(서울특별시 중구...),안제성(서울특별시 강남구 도곡로 *** (역삼동) **층(에이앤케이특허법률사무소))|김세환(서울특별시 강남구 도곡로 *** (역삼동) **층(에이앤케이특허법률사무소))|김준식(서울특별시 강남구 도곡로 *** (역삼동) **층(에이앤케이특허법률사무소))|김한솔(서울특별시 강남구 도곡로 *** (역삼동) **층(에이앤케이특허법률사무소)),식스티헤르츠 주식회사(서울특별시 성동구...),,,"[청구항1]적어도 하나의 프로세서에 의해 수행되는, 이종의 센서를 이용한 태양광 발전량 예측 방법에 있어서,태양광 발전소와 연관된 마이크로웨이브 링크(microwave link) 데이터를 수신하는 단계;상기 마이크로웨이브 링크 데이터에 기초하여, 상기 태양광 발전소가 위치한 지역의 현재 강우량을 예측하는 단계;지상 관측 데이터를 수신하는 단계;상기 예측된 현재 강우량 및 상기 지상 관측 데이터에 기초하여, 특정 미래 시점의 강우량을 예측하는 단계; 및상기 예측된 특정 미래 시점의 강우량에 기초하여 상기 특정 미래 시점의 태양광 발전소 발전량을 예측하는 단계를 포함하고,상기 마이크로웨이브 링크 데이터는 복수의 마이크로웨이브 링크 각각의 송신한 신호 세기 및 수신한 신호 세기, 상기 복수의 마이크로웨이브 링크에 대한 위치 정보, 그리고 상기 복수의 마이크로웨이브 링크에 대한 안테나 정보를 포함하는, 태양광 발전량 예측 방법.
[청구항2]삭제
[청구항3]제1항에 있어서,상기 복수의 마이크로웨이브 링크는 상기 태양광 발전소와 미리 결정 거리 이내에 위치하고,상기 복수의 마이크로웨이브 링크는 각 마이크로웨이브 링크와 상기 태양광 발전소 사이의 거리의 합계가 최소가 되도록 선정된, 태양광 발전량 예측 방법.
[청구항4]제3항에 있어서,상기 복수의 마이크로웨이브 링크는 각 마이크로웨이브 링크의 길이의 합계가 최소가 되도록 더 선정된, 태양광 발전량 예측 방법.
[청구항5]제1항에 있어서,상기 현재 강우량을 예측하는 단계는,상기 마이크로웨이브 링크 데이터에 기초하여 각 마이크로웨이브 링크에 대한 거리에 따른 감쇠율을 산출하는 단계; 및상기 복수의 마이크로웨이브 링크에 대한 거리에 따른 감쇠율에 기초하여 현재 강우량을 예측하는 단계를 포함하는, 태양광 발전량 예측 방법.
[청구항6]제5항에 있어서,상기 거리에 따른 감쇠율을 산출하는 단계는,상기 복수의 마이크로웨이브 링크에 대한 안테나 정보에 기초하여 각 마이크로웨이브 링크에 대한 거리에 따른 감쇠율을 보정하는 단계를 포함하는, 태양광 발전량 예측 방법.
[청구항7]적어도 하나의 프로세서에 의해 수행되는, 이종의 센서를 이용한 태양광 발전량 예측 방법에 있어서,태양광 발전소와 연관된 마이크로웨이브 링크(microwave link) 데이터를 수신하는 단계;상기 마이크로웨이브 링크 데이터에 기초하여, 상기 태양광 발전소가 위치한 지역의 현재 강우량을 예측하는 단계;지상 관측 데이터를 수신하는 단계;상기 예측된 현재 강우량 및 상기 지상 관측 데이터에 기초하여, 특정 미래 시점의 강우량을 예측하는 단계; 및상기 예측된 특정 미래 시점의 강우량에 기초하여 상기 특정 미래 시점의 태양광 발전소 발전량을 예측하는 단계를 포함하고,상기 지상 관측 데이터는 기압계 데이터를 포함하고,상기 특정 미래 시점의 강우량을 예측하는 단계는,상기 기압계 데이터에 기초하여 현재 기압 컨투어 이미지를 생성하는 단계; 제1 세트의 과거 기압 컨투어 이미지 중 상기 현재 기압 컨투어 이미지와 미리 결정된 임계값 이상의 유사도를 가지는 제2 세트의 과거 기압 컨투어 이미지를 획득하는 단계;상기 제2 세트의 과거 기압 컨투어 이미지 중 상기 예측된 현재 강우량과 가장 유사한 과거 실제 강우량을 가지는 특정 과거 기압 컨투어 이미지를 선택하는 단계; 및상기 특정 과거 기압 컨투어 이미지와 연관된 과거 실제 강우량에 기초하여 상기 특정 미래 시점의 강우량을 예측하는 단계를 포함하는, 태양광 발전량 예측 방법.
[청구항8]제1항에 있어서,상기 태양광 발전소 발전량을 예측하는 단계는,상기 특정 미래 시점의 상기 태양광 발전소가 위치한 지역의 청천 일사량 및 상기 예측된 특정 미래 시점의 강우량을 기초로 상기 특정 미래 시점의 일사량을 예측하는 단계; 및상기 예측된 특정 미래 시점의 일사량에 기초하여 상기 특정 미래 시점의 상기 태양광 발전소의 발전량을 예측하는 단계를 포함하는, 태양광 발전량 예측 방법.
[청구항9]제1항 및 제3항 내지 제8항 중 어느 한 항에 따른 방법을 컴퓨터에서 실행하기 위해 컴퓨터 판독 가능한 기록 매체에 저장된 컴퓨터 프로그램.
[청구항10]정보 처리 시스템으로서,통신 모듈;메모리; 및상기 메모리와 연결되고, 상기 메모리에 포함된 컴퓨터 판독 가능한 적어도 하나의 프로그램을 실행하도록 구성된 적어도 하나의 프로세서를 포함하고,상기 적어도 하나의 프로그램은,태양광 발전소와 연관된 마이크로웨이브 링크 데이터를 수신하고,상기 마이크로웨이브 링크 데이터에 기초하여, 상기 태양광 발전소가 위치한 지역의 현재 강우량을 예측하고,지상 관측 데이터를 수신하고,상기 예측된 현재 강우량 및 상기 지상 관측 데이터에 기초하여, 특정 미래 시점의 강우량을 예측하고,상기 예측된 특정 미래 시점의 강우량에 기초하여 상기 특정 미래 시점의 태양광 발전소 발전량을 예측하기 위한 명령어들을 포함하고,상기 마이크로웨이브 링크 데이터는 복수의 마이크로웨이브 링크 각각의 송신한 신호 세기 및 수신한 신호 세기, 상기 복수의 마이크로웨이브 링크에 대한 위치 정보, 그리고 상기 복수의 마이크로웨이브 링크에 대한 안테나 정보를 포함하는, 정보 처리 시스템."
3,,"홍채 영상 촬영 방법, 상기 방법을 기록한 컴퓨터 판독 가능 저장매체 및 홍채 영상 촬영 장치","method of capturing an iris image, computer readable storage medium of recording the method and an iris image capture device",G06V 10/30(2022.01)|G06V 10/20(2022.01)|G06V 10/00(2022.01),G06K 9/40(2013.01)|G06K 9/36(2013.01)|G06K 9/60(2013.01),1.02013E+12,2013.08.13,삼성전자주식회사(경기도 수원시 영통구...),,1.02037E+12,2019.10.22,1.02015E+12,2015.02.25,,2019.10.28,,,,,,등록,등록결정(일반),,,,Y(2018.07.25),16,"일 실시 예에 따르면, 영상을 수신하는 단계; 상기 수신된 영상에서 눈 영역을 검출하는 단계; 상기 눈 영역에서 눈의 중심을 결정하는 단계; 상기 눈 영역에서 반사 영역을 검출하는 단계; 상기 검출된 반사 영역의 형상을 결정하는 단계; 상기 결정된 반사 영역의 형상에 기초하여, 상기 반사 영역을 피하기 위한 안내 정보를 출력하는 단계를 포함하는 홍채 영상 촬영을 위한 안내 정보 제공 방법을 개시한다.",손병준(서울 구...)|손주영(경기 수원시 영통구...)|홍태화(서울 구로구...),"리앤목특허법인(서울 강남구 언주로 **길 **, *층, **층, **층, **층(도곡동, 대림아크로텔))",삼성전자주식회사(경기도 수원시 영통구...),,1,"[청구항1]영상을 수신하는 단계;상기 수신된 영상에서 눈 영역을 검출하는 단계;상기 눈 영역에서 눈의 중심을 결정하는 단계;상기 눈 영역에서 반사 영역을 검출하는 단계;상기 검출된 반사 영역의 형상을 결정하는 단계; 및상기 결정된 반사 영역의 형상에 기초하여, 상기 반사 영역을 피하기 위한 안내 정보를 출력하는 단계를 포함하는 홍채 영상 촬영 방법.
[청구항2]제1 항에 있어서, 상기 안내 정보는시각적 정보, 청각적 정보 또는 진동 정보 중 적어도 하나를 포함하는 것을 특징으로 하는, 홍채 영상 촬영 방법.
[청구항3]제1 항에 있어서, 상기 안내 정보를 출력하는 단계는,비정형의 반사 영역이 결정되면, 사용자에게 카메라의 렌즈 또는 안경 렌즈 부위의 오염 물질을 제거하기 위한 상기 안내 정보를 출력하는 단계를 포함하는 것을 특징으로 하는, 홍채 영상 촬영 방법.
[청구항4]제1 항에 있어서, 상기 안내 정보를 출력하는 단계는,정형의 반사 영역이 결정되면, 상기 눈의 중심을 기준으로 상기 반사 영역과 반대 방향으로 눈이 이동할 위치를 가이드 하기 위한 상기 안내 정보를 출력하는 단계를 더 포함하는 것을 특징으로 하는, 홍채 영상 촬영 방법.
[청구항5]제1 항에 있어서, 홍채 영상 촬영 방법은상기 눈 영역에서 반사 영역이 검출되지 않은 경우, 상기 눈의 움직임을 감지하여 눈의 움직임 정보를 획득하는 단계; 및상기 눈의 움직임 정보가 미리 결정된 임계 값 이하인 경우, 상기 영상을 촬영하는 단계를 더 포함하는 것을 특징으로 하는, 홍채 영상 촬영 방법.
[청구항6]제5 항에 있어서, 상기 눈의 움직임 정보는 상기 수신된 영상의 연속적인 복수의 영상 프레임에서 각각 획득된 복수의 눈의 중심 좌표들의 분산, 표준편차와 같이 중심 좌표의 변화 정도를 알 수 있는 값인 것을 특징으로 하는, 홍채 영상 촬영 방법.
[청구항7]제1 항에 있어서, 수신된 영상에서 눈 영역을 검출하는 단계는상기 눈 영역에서 홍채 영역을 검출하는 단계를 포함하고,상기 눈의 중심은 상기 홍채 영역의 홍채의 중심이며,상기 눈의 움직임 정보는 상기 홍채 영역의 홍채의 중심 움직임 정보인 것을 특징으로 하는, 홍채 영상 촬영 방법.
[청구항8]영상을 수신하는 영상 수신부;	상기 수신된 영상에서 눈 영역을 검출하는 눈 영역 검출부;상기 눈 영역에서 눈의 중심을 결정하는 눈의 중심 결정부;상기 눈 영역에서 반사 영역을 검출하는 반사 영역 검출부;상기 검출된 반사 영역의 형상을 결정하는 형상 결정부; 및상기 결정된 반사 영역의 형상에 기초하여, 상기 반사 영역을 피하기 위한 안내 정보를 출력하는 안내 정보 출력부; 를 포함하는 홍채 영상 촬영 장치.
[청구항9]제 8 항에 있어서, 상기 안내 정보는시각적 정보, 청각적 정보 또는 진동 정보 중 적어도 하나를 포함하는 것을 특징으로 하는, 홍채 영상 촬영 장치.
[청구항10]제8 항에 있어서, 상기 안내 정보 출력부는상기 형상 결정부에서 비정형의 반사 영역이 결정되면, 사용자에게 카메라의 렌즈 부위 또는 안경 렌즈의 오염 물질을 제거하기 위한 상기 안내 정보를 출력하는 것을 특징으로 하는, 홍채 영상 촬영 장치.
[청구항11]제8 항에 있어서, 상기 안내 정보 출력부는상기 형상 결정부에서 정형의 반사 영역이 결정되면, 상기 눈의 중심을 기준으로 상기 반사 영역과 반대 방향으로 눈이 이동할 위치를 가이드 하기 위한 상기 안내 정보를 출력하는 것을 특징으로 하는, 홍채 영상 촬영 장치.
[청구항12]제8 항에 있어서, 상기 홍채 영상 촬영 장치는 상기 눈의 영역에서 반사 영역이 검출되지 않은 경우, 상기 눈의 움직임을 감지하여, 눈의 움직임 정보를 획득하는 움직임 정보 획득부를 더 포함하고, 상기 눈의 움직임 정보가 미리 결정된 임계 값 이하인 경우, 상기 영상을 촬영하도록 하는 촬영 제어부를 더 포함하는 것을 특징으로 하는, 홍채 영상 촬영 장치.
[청구항13]제12 항에 있어서, 상기 눈의 움직임 정보는 상기 영상 수신부에서 수신된 영상의 연속적인 복수의 영상 프레임에서 각각 획득된 복수의 눈의 중심 좌표들의 분산, 표준편차와 같이 중심 좌표의 변화 정도를 알 수 있는 값인 것을 특징으로 하는, 홍채 영상 촬영 장치.
[청구항14]제8 항에 있어서, 상기 홍채 영상 촬영 장치는 상기 눈 영역에서 홍채 영역을 검출하는 홍채 영역 검출부를 더 포함하고, 상기 눈의 중심은 상기 홍채 영역의 홍채의 중심이며,상기 눈의 움직임 정보는 상기 홍채 영역의 홍채의 중심 움직임 정보인 것을 특징으로 하는, 홍채 영상 촬영 장치.
[청구항15]프로세서에 의해 도출되어 실행되었을 때, 홍채 영상 촬영을 위한 안내 정보 제공 방법을 수행하는 컴퓨터 프로그램 코드들을 저장하는 컴퓨터 판독가능 저장매체에 있어서,상기 홍채 영상 촬영방법은,영상을 수신하는 단계;상기 수신된 영상에서 눈 영역을 검출하는 단계;상기 눈 영역에서 눈의 중심을 결정하는 단계;상기 눈 영역에서 반사 영역을 검출하는 단계;상기 검출된 반사 영역의 형상을 결정하는 단계; 및상기 결정된 반사 영역의 형상에 기초하여, 상기 반사 영역을 피하기 위한 안내 정보를 출력하는 단계를 포함하는 컴퓨터 판독가능 저장매체.
[청구항16]제15 항에 있어서, 홍채 영상 촬영 방법은상기 눈 영역에서 반사 영역이 검출되지 않은 경우, 상기 눈의 움직임을 감지하여 눈의 움직임 정보를 획득하는 단계; 및상기 눈의 움직임 정보가 미리 결정된 임계 값 이하인 경우, 상기 영상을 촬영하는 단계를 더 포함하는 것을 특징으로 하는, 컴퓨터 판독가능 저장매체."
4,,지문 인증 방법과 이를 수행하는 지문 인증 장치 및 이동 단말기,"method for fingerprint authentication, fingerprint authentication device, and mobile terminal performing thereof",G06V 10/40(2022.01)|G06V 10/20(2022.01)|G06V 10/00(2022.01),G06K 9/46(2013.01)|G06K 9/36(2013.01)|G06K 9/80(2013.01),1.02013E+12,2013.11.13,삼성전자주식회사(경기도 수원시 영통구...),,1.02218E+12,2021.02.15,1.02015E+12,2015.05.21,,2021.02.19,,,,,,등록,등록결정(일반),,,,Y(2018.11.06),19,"지문 인증 방법에 있어서, 지문 센서에서 획득된 지문 데이터를 수신하고, 지문 데이터 획득 시의 지문 센서를 포함하는 전자 장치의 회전하는 정도를 수신하고, 지문 데이터로부터 지문 데이터의 특징점들의 패턴인 센싱 패턴을 추출하고, 등록된 지문의 특징점들의 패턴인 등록 패턴을 회전하는 정도에 따라 회전하고, 회전된 등록 패턴에 센싱 패턴을 매칭하고, 센싱 패턴에서 회전된 등록 패턴의 특징점들과 일치하는 특징점의 개수가 소정값 이상이면, 지문 데이터를 인증할 수 있다.",김현경(서울특별시 양천구...)|강성식(경기도 광명시...)|민기홍(서울특별시 광진구...),"특허법인태평양(서울특별시 중구 청계천로 **, *층(다동, 예금보험공사빌딩))",삼성전자주식회사(경기도 수원시 영통구...),,,"[청구항1]지문 인증 방법에 있어서,지문 센서에서 획득된 지문 데이터를 수신하는 단계; 가속도 센서 또는 자이로 센서 중 적어도 하나를 이용하여, 상기 지문 센서를 포함하는 전자 장치의 상기 지문 데이터 획득 시의 회전 정도를 수신하는 단계;상기 지문 데이터로부터 상기 지문 데이터의 특징점들의 패턴인 센싱 패턴을 추출하는 단계;등록된 지문의 특징점들의 패턴인 등록 패턴을 상기 회전 정도에 따라 회전 하는 단계;상기 회전된 등록 패턴에 상기 센싱 패턴을 매칭하는 단계; 및상기 센싱 패턴에서 상기 회전된 등록 패턴의 특징점들과 일치하는 특징점의 개수가 소정값 이상이면, 상기 지문 데이터를 인증하는 단계;를 포함하는 지문 인증 방법.
[청구항2]제 1 항에 있어서, 상기 지문 데이터가 인증되면, 상기 센싱 패턴의 특징점들 중, 상기 등록 패턴에 나타나 있지 않은 특징점의 패턴을 상기 등록 패턴에 추가하여, 상기 등록 패턴을 확장하는 단계; 및상기 확장된 등록 패턴을 저장하는 단계;를 더 포함하는 것을 특징으로 하는 지문 인증 방법.  
[청구항3]제 2 항에 있어서, 상기 확장하는 단계는 상기 등록 패턴에 나타나 있지 않은 특징점의 패턴을 상기 회전 정도에 따라 상기 등록 패턴에 추가하여, 상기 등록 패턴을 확장하는 것을 특징으로 하는 지문 인증 방법. 
[청구항4]제 1 항에 있어서, 상기 등록 패턴을 등록하는 단계;를 더 포함하고,상기 등록하는 단계는상기 지문 센서에서 획득된 제 1 지문 등록 데이터를 수신하는 단계; 상기 지문 센서에서 획득된 제 2 지문 등록 데이터를 수신하는 단계; 상기 제 1 지문 등록 데이터의 특징점들의 제 1 등록 패턴을 추출하는 단계;상기 제 2 지문 등록 데이터의 특징점들의 제 2 등록 패턴을 추출하는 단계;상기 제 2 등록 패턴을 상기 제 1 등록 패턴에 매칭하는 단계;상기 제 2 등록 패턴의 특징점들 중, 상기 제 1 등록 패턴에 나타나 있지 않은 특징점의 패턴을 상기 제 1 등록 패턴에 추가하여, 상기 등록 패턴을 생성하는 단계; 및상기 등록 패턴을 저장하는 단계;를 더 포함하는 것을 특징으로 하는 지문 인증 방법.  
[청구항5]제 4 항에 있어서,상기 등록하는 단계는 상기 전자 장치의 상기 제 1 지문 등록 데이터의 획득 시의 제 1 회전하는 정도를 수신하는 단계;상기 전자 장치의 상기 제 2 지문 등록 데이터의 획득 시의 제 2 회전하는 정도를 수신하는 단계;상기 제 1 등록 패턴을 상기 제 1 회전하는 정도에 따라 회전하는 단계; 및상기 제 2 등록 패턴을 상기 제 2 회전하는 정도에 따라 회전하는 단계;를 더 포함하고,상기 제 2 등록 패턴을 상기 제 1 등록 패턴에 매칭하는 단계는 상기 회전된 제 1 등록 패턴을 상기 회전된 제 2 등록 패턴에 매칭하는 것을 특징으로 하는 지문 인증 방법. 
[청구항6]제 5 항에 있어서, 상기 등록하는 단계는상기 제 1 등록 패턴을 위한, 제 1 지문 센싱 방향을 안내하는 제 1 가이드 화면을 제공하는 단계; 및상기 제 2 등록 패턴을 위한, 상기 제 1 지문 센싱 방향과 다른 방향의 제 2 지문 센싱 방향을 안내하는 제 2 가이드 화면을 제공하는 단계;를 더 포함하는 것을 특징으로 하는 지문 인증 방법. 
[청구항7]제 1 항에 있어서, 상기 전자 장치의 회전에 따른 상기 전자 장치의 회전하는 정도를 수신하는 단계; 및 상기 전자 장치의 회전에 따라, 상기 수신된 회전하는 정도에 대응하여 사용자가 상기 지문 센서에 지문을 접촉해야 할 방향을 안내하는 가이드 화면을 제공하는 단계;를 더 포함하는 것을 특징으로 하는 지문 인증 방법. 
[청구항8]제 1 항 내지 제 7 항 중에 어느 한 항의 방법을 컴퓨터에서 실행시키기 위한 프로그램을 기록한 컴퓨터로 읽을 수 있는 기록매체.
[청구항9]지문 인증 장치에 있어서,지문을 센싱하는 지문 센서;등록된 지문의 특징점의 패턴인 등록 패턴을 저장하는 저장부;상기 지문 센서를 이용한 지문 센싱 시 상기 지문 인증 장치의 회전 정도를 감지하는 가속도 센서 또는 지자기 센서 중 적어도 하나를 포함하는 회전 감지부; 및 적어도 하나의 프로세서;를 포함하고,상기 적어도 하나의 프로세서는상기 지문 센서에 의해 획득된 지문 데이터로부터 특징점들의 패턴인 센싱 패턴을 추출하고,상기 센싱 패턴에서 상기 등록 패턴의 특징점들과 일치하는 특징점의 개수가 특징점의 개수가 소정값 이상이면, 상기 획득된 지문 데이터를 인증하고, 상기 지문 데이터가 인증되면, 상기 센싱 패턴의 특징점들 중, 상기 등록 패턴에 나타나 있지 않은 특징점들의 패턴을 상기 감지된 회전 정도에 따라 상기 등록 패턴에 추가하여 상기 등록 패턴을 변형하도록 설정된 것을 특징으로 하는 지문 인증 장치.
[청구항10]삭제
[청구항11] 제 9 항에 있어서, 상기 지문 센서는 제 1 지문 등록 데이터 및 제 2 지문 등록 데이터를 획득하고, 상기 적어도 하나의 프로세서는상기 제 1 지문 등록 데이터의 특징점들의 제 1 등록 패턴을 추출하고, 상기 제 2 지문 등록 데이터의 특징점들의 제 2 등록 패턴을 추출하고, 상기 제 2 등록 패턴을 상기 제 1 등록 패턴에 매칭하고, 상기 제 2 등록 패턴의 특징점들 중, 상기 제 1 등록 패턴에 나타나 있지 않은 특징점의 패턴을 추출하고, 상기 추출된 패턴을 상기 제 1 등록 패턴에 추가하여, 상기 등록 패턴을 생성하는 것을 특징으로 하는 지문 인증 장치. 
[청구항12]제 11 항에 있어서,상기 회전 감지부는상기 지문 인증 장치의 상기 제 1 지문 등록 데이터의 획득 시의 제 1 회전하는 정도와 상기 지문 인증 장치의 상기 제 2 지문 등록 데이터의 획득 시의 제 2 회전하는 정도를 감지하고, 상기 적어도 하나의 프로세서는상기 제 1 등록 패턴을 상기 제 1 회전하는 정도에 따라 회전하고, 상기 제 2 등록 패턴을 상기 제 2 회전하는 정도에 따라 회전하고, 상기 회전된 제 1 등록 패턴을 상기 회전된 제 2 등록 패턴에 매칭하는 것을 특징으로 하는 지문 인증 장치. 
[청구항13]제 11 항에 있어서,상기 적어도 하나의 프로세서는상기 제 1 등록 패턴을 위한, 제 1 지문 센싱 방향 및 상기 제 2 등록 패턴을 위한, 상기 제 1 지문 센싱 방향과 다른 방향의 제 2 지문 센싱 방향을 제시하도록 설정되고, 상기 지문 인증 장치는상기 제 1 지문 센싱 방향에 따른 지문 인증을 안내하는 제 1 가이드 화면 및 제 2 지문 센싱 방향에 따른 지문 인증을 안내하는 제 2 가이드 화면을 출력하는 출력부;를 더 포함하는 것을 특징으로 하는 지문 인증 장치.
[청구항14]제 13 항에 있어서,상기 회전 감지부는상기 지문 인증 장치의 상기 제 1 지문 등록 데이터의 획득 시의 제 1 회전하는 정도와 상기 지문 인증 장치의 상기 제 2 지문 등록 데이터의 획득 시의 제 2 회전하는 정도를 감지하고, 상기 출력부는 상기 제 1 지문 센싱 방향과 상기 제 1 회전하는 정도가 일치하지 않거나, 상기 제 2 지문 센싱 방향과 상기 제 2 회전하는 정도가 일치하지 않는 경우, 상기 제 1 가이드 화면 또는 상기 제 2 가이드 화면에 따라 다시 센싱할 것을 요청하는 요청 화면을 출력하는 것을 특징으로 지문 인증 장치.
[청구항15]제 9 항에 있어서,상기 적어도 하나의 프로세서는상기 회전 감지부로부터 상기 지문 인증 장치의 회전하는 정도를 수신하고, 상기 지문 인증 장치의 회전하는 정도에 대응하여 사용자가 상기 지문 센서에 지문을 접촉해야 하는 방향을 제시하고, 상기 지문 인증 장치는상기 사용자가 상기 지문을 상기 지문 센서에 접촉해야 할 방향을 안내하는 가이드 화면을 출력하는 출력부;를 더 포함하는 것을 특징으로 하는 지문 인증 장치.
[청구항16]이동 단말기에 있어서,지문을 센싱하는 지문 센서;지자기 센서; 가속도 센서;상기 지자기 센서 또는 상기 가속도 센서를 이용하여, 상기 지문 센서의 지문의 센싱 시의 상기 이동 단말기의 회전하는 정도를 검출하는 회전 검출부; 등록된 지문의 특징점의 패턴인 등록 패턴을 저장하는 저장부; 및적어도 하나의 프로세서;를 포함하고,상기 적어도 하나의 프로세서는상기 지문 센서에 의해 획득된 지문 데이터로부터 특징점들의 패턴인 센싱 패턴을 추출하고,상기 지문 센서의 지문의 센싱 시의 상기 이동 단말기의 회전 정도에 따라, 상기 등록 패턴을 회전하고, 상기 회전된 등록 패턴에 상기 센싱 패턴을 매칭하고, 상기 센싱 패턴에서 상기 회전된 등록 패턴의 특징점과 일치하는 특징점의 개수가 소정값 이상이면, 상기 지문 데이터를 인증하도록 설정된 것을 특징으로 하는 이동 단말기.
[청구항17] 제 16 항에 있어서, 상기 적어도 하나의 프로세서는상기 지문 데이터가 인증되면, 상기 센싱 패턴의 특징점들 중, 상기 등록 패턴에 나타나 있지 않은 특징점의 패턴을 수신하고, 수신된 패턴을 등록 패턴에 추가하여 상기 등록 패턴을 변형하고,상기 저장부는 상기 변형된 등록 패턴을 저장하는 것을 특징으로 하는 이동 단말기.  
[청구항18]제 16 항에 있어서, 상기 지문 센서는 제 1 지문 등록 데이터 및 제 2 지문 등록 데이터를 획득하고, 상기 적어도 하나의 프로세서는상기 제 1 지문 등록 데이터의 특징점들의 제 1 등록 패턴을 추출하고, 상기 제 2 지문 등록 데이터의 특징점들의 제 2 등록 패턴을 추출하고, 상기 제 2 등록 패턴을 상기 제 1 등록 패턴에 매칭하고, 상기 제 2 등록 패턴의 특징점들 중, 상기 제 1 등록 패턴에 나타나 있지 않은 특징점의 패턴을 추출하고, 상기 추출된 패턴을 상기 제 1 등록 패턴에 추가하여, 상기 등록 패턴을 생성하는 것을 특징으로 하는 이동 단말기. 
[청구항19]제 18 항에 있어서,상기 회전 검출부는 상기 제 1 지문 등록 데이터의 획득 시의 상기 이동 단말기의 제 1 회전하는 정도를 검출하고, 상기 제 2 지문 등록 데이터의 획득 시의 상기 이동 단말기의 제 2 회전하는 정도를 검출하고,상기 적어도 하나의 프로세서는 상기 제 1 등록 패턴을 상기 제 1 회전하는 정도에 따라 회전하고, 상기 제 2 등록 패턴을 상기 제 2 회전하는 정도에 따라 회전하고, 상기 회전된 제 1 등록 패턴을 상기 회전된 제 2 등록 패턴에 매칭하는 것을 특징으로 하는 이동 단말기.  
[청구항20]제 16 항에 있어서, 상기 회전 검출부는 상기 이동 단말기의 회전에 따른 상기 지문 센서의 회전하는 정도를 검출하고, 상기 이동 단말기는 상기 회전 검출부로부터 상기 지문센서의 회전하는 정도를 수신하고, 상기 수신된 회전하는 정도에 대응하여 사용자가 상기 지문 센서에 지문을 접촉해야 할 방향을 제시하는 가이드부; 및 상기 사용자가 상기 지문을 상기 지문 센서에 접촉해야 하는 방향을 안내하는 가이드 화면을 출력하는 출력부;를 더 포함하는 것을 특징으로 하는 이동 단말기."
5,,전기 제품의 제어방법,method of controlling an electric product,G06V 10/00(2022.01)|G06V 10/40(2022.01)|G06Q 10/08(2024.01),G06K 9/78(2013.01)|G06K 9/00449(2013.01)|G06Q 10/087(2013.01)|F25D 2500/06(2013.01),1.02012E+12,2012.09.28,엘지전자 주식회사(서울특별시 영등포구...),,1.02047E+12,2019.11.13,1.02014E+12,2014.04.07,,2019.11.19,,,,,,등록,등록결정(일반),,,,Y(2017.09.21),10,"본 발명은 전기 제품의 제어방법에 관한 것이다. 일 측면에 따른 전기 제품의 제어방법은, 인식 장치에서 인식 대상의 이미지를 획득하는 단계; 획득한 이미지에서 물품 정보를 인식하고, 인식한 물품 정보를 메모리부에 저장된 정보와 비교하는 단계; 및 디스플레이부에서 비교 결과를 표시하는 단계를 포함하고, 인식한 물품 정보가 메모리부에 저장된 정보와 일치하는 경우, 상기 디스플레이부에서는 인식한 물품 정보에 대응하는 카테고리 정보가 표시되는 것을 특징으로 한다.",김무승(경남 창원시 성산구...)|김양환(경남 창원시 성산구...),허용록(서울 강남구 역삼로 *** (역삼동) *층(선영특허법률사무소)),엘지전자 주식회사(서울특별시 영등포구...),,,"[청구항1]인식 장치에서 인식 대상의 이미지를 획득하는 단계; 획득한 이미지에서 물품 정보를 인식하고, 인식한 물품 정보를 메모리부에 저장된 정보와 비교하는 단계; 및 디스플레이부에서 비교 결과를 표시하는 단계를 포함하고, 상기 메모리는, 관리 물품 정보가 저장되는 제1메모리와, 사용자가 선택한 물품 정보가 저장되는 제2메모리를 포함하고,상기 인식한 물품 정보를 메모리부에 저장된 정보와 비교하는 단계는,인식한 물품 정보가 상기 제1메모리에 저장된 정보와 일치하는지 여부를 판단하는 단계;인식한 물품 정보가 상기 제 1 메모리에 저장된 정보와 일치하는 경우, 인식한 물품 정보에 대응하는 카테고리 정보를 디스플레이부에 표시하고, 인식한 물품 정보가 상기 제1메모리에 저장된 정보와 일치하지 않는 경우, 인식한 물품 정보가 상기 제2메모리에 저장된 정보와 일치하는지 여부를 판단하는 단계; 및인식한 물품 정보가 상기 제 2 메모리에 저장된 정보와 일치하는 경우, 인식한 물품 정보에 대응하는 카테고리 정보를 디스플레이부에 표시하고, 인식한 물품 정보가 상기 제 2 메모리에 저장된 정보와 일치하지 않는 경우, 인식한 물품 정보 자체를 디스플레이부에 표시하는 단계를 포함하는 전기 제품의 제어방법.
[청구항2]제 1 항에 있어서, 상기 인식한 물품 정보는, 물품명 또는 물품 코드를 포함하는 전기 제품의 제어방법. 
[청구항3]제 2 항에 있어서, 상기 인식한 물품 정보와 상기 카테고리 정보는 동일하거나 다를 수 있는 전기 제품의 제어방법. 
[청구항4]제 2 항에 있어서, 상기 카테고리 정보는, 상기 물품명이 속하는 물품 카테고리 및 물품 아이디 정보 중 하나 이상을 포함하는 전기 제품의 제어방법. 
[청구항5]제 4 항에 있어서, 상기 카테고리 정보는, 물품명 또는 물품 카테고리에 대응하는 아이콘 정보를 더 포함하는 전기 제품의 제어방법. 
[청구항6]제 2 항에 있어서, 상기 디스플레이부에서는 물품명 또는 물품 카테고리의 개수 정보가 더 표시되는 전기 제품의 제어방법. 
[청구항7]제 1 항에 있어서, 상기 인식한 물품 정보를 메모리부에 저장된 정보와 비교하는 단계는, 인식된 물품 정보를 보정하는 단계와, 보정된 정보를 상기 메모리부에 저장된 정보와 비교하는 단계를 포함하는 전기 제품의 제어방법. 
[청구항8]삭제
[청구항9]제 1 항에 있어서, 상기 제1메모리에 저장된 정보는 업데이트될 수 있으며, 업데이트 과정에서 상기 제1메모리에 추가될 정보가 상기 제2메모리에 저장된 정보와 일치하는 경우, 상기 제2메모리에 저장된 정보가 삭제되고, 삭제된 정보가 상기 제1메모리에 저장되는 전기 제품의 제어방법. 
[청구항10]제 1 항에 있어서, 상기 디스플레이부에서 표시된 물품의 관리를 시작하기 위한 명령이 입력되면, 상기 디스플레이부에서 표시된 정보가 제3메모리에 저장되는 전기 제품의 제어방법. 
[청구항11]제 1 항에 있어서, 상기 디스플레이부에서는 상기 이미지에 미포함된 정보가 표시될 수 있는 전기 제품의 제어방법. "
6,,"인식 장치, 인식 방법, 실장 장치 및 실장 방법","recognizing apparatus, recognizing method, mounting apparatus and mounting method",G06T 7/00(2017.01)|G06V 10/00(2022.01)|G01B 11/00(2023.01),G06T 7/00(2013.01)|G06K 9/78(2013.01)|G01B 11/00(2013.01),1.02013E+12,2013.11.29,삼성전자주식회사(경기도 수원시 영통구...),,1.02157E+12,2020.09.11,1.02014E+12,2014.06.19,,2020.09.17,,,,,JP-P-2012-269695 (2012.12.10) 일본JP,등록,등록결정(일반),,,,Y(2018.11.01),4,"인식 대상의 배치와 복수의 촬상 화소의 대응 관계가 특정 조건을 만족시키는 경우에 생기는 위치 인식 정밀도의 저하를 피할 수 있는 인식 장치를 제공한다. 본 발명의 인식 장치는 촬상 배율을 변화 가능한 줌 렌즈(33)와, 복수의 촬상 화소를 가지며, 소정의 간격으로 배열된 범프를 갖는 IC칩(4)을 줌 렌즈(33)를 개재하여 촬상하는 칩 카메라(2)와, 복수의 범프의 배열 간격을 나타내는 정보를 적어도 포함하는 IC칩(4)의 형상 정보를 기억한 기억부와, 촬상 화소에 따른 길이와 기억부에 기억되어 있는 배열 간격을 나타내는 정보에 기초하여 줌 렌즈(33)의 촬상 배율을 조정하고, 또한 칩 카메라(2)가 촬상한 화상 중의 복수의 화소값에 기초하여 범프의 위치를 인식하는 신호 처리부(1)를 구비하고 있다.",신지 유에야마(일본 가나가와켄 요코하마시 쓰루미구 스가사와쵸 *-* 주식회사 삼성요코하마연구소)|마사토 카지나미(일본 가나가와켄 요코하마시 쓰루미구 스가사와쵸 *-* 주식회사 삼성요코하마연구소)|요시아키 유키모리(일본 가나가와켄 요코하마시 쓰루미구 스가사와쵸 *-* 주식회사 삼성요코하마연구소),"리앤목특허법인(서울 강남구 언주로 **길 **, *층, **층, **층, **층(도곡동, 대림아크로텔))",삼성전자주식회사(경기도 수원시 영통구...),,,"[청구항1]촬상 배율을 변화 가능한 촬상 배율 조정부;복수의 촬상 화소를 가지며, 소정의 간격으로 배열된 복수의 제1 인식 대상을 갖는 인식 대상물을 상기 촬상 배율 조정부를 개재하여 촬상하는 촬상부;복수의 상기 제1 인식 대상의 배열 간격을 나타내는 정보를 적어도 포함하는 상기 인식 대상물의 형상 정보를 기억하는 기억부;상기 촬상 화소에 따른 길이와 상기 기억부에 기억되어 있는 상기 배열 간격을 나타내는 정보에 기초하여 상기 촬상 배율 조정부의 촬상 배율을 조정하고, 또한 상기 촬상부가 촬상한 화상 중의 복수의 화소값에 기초하여 상기 제1 인식 대상의 위치를 인식하는 신호 처리부;를 구비하며,상기 촬상부가 촬상한 화상 중에서 상기 배열 간격과 상기 촬상 화소에 따른 길이를 정수배한 것이 비대응이 되도록, 상기 신호 처리부가 상기 촬상 배율 조정부의 촬상 배율을 조정하는 것을 특징으로 하는 인식 장치.
[청구항2]삭제
[청구항3]인식 대상물이 반도체 칩이고,제1항에 기재된 신호 처리부에 의한 인식 결과에 기초하여 상기 인식 대상물의 위치나 각도에 관한 소정의 보정 제어를 행하여 상기 인식 대상물을 소정의 회로 기판에 실장하는 것을 특징으로 하는 실장 장치.
[청구항4]촬상 배율을 변화 가능한 촬상 배율 조정부;복수의 촬상 화소를 가지며, 소정의 간격으로 배열된 복수의 제1 인식 대상을 갖는 인식 대상물을 상기 촬상 배율 조정부를 개재하여 촬상하는 촬상부;복수의 상기 제1 인식 대상의 배열 간격을 나타내는 정보를 적어도 포함하는 상기 인식 대상물의 형상 정보를 기억한 기억부;를 이용하여,상기 촬상 화소에 따른 길이와 상기 기억부에 기억되어 있는 상기 배열 간격을 나타내는 정보에 기초하여 상기 촬상 배율 조정부의 촬상 배율을 조정하고, 또한 상기 촬상부가 촬상한 화상 중의 복수의 화소값에 기초하여 상기 제1 인식 대상의 위치를 인식하며,상기 촬상부가 촬상한 화상 중에서 상기 배열 간격과 상기 촬상 화소에 따른 길이를 정수배한 것이 비대응이 되도록, 상기 촬상 배율 조정부의 촬상 배율을 조정하는 것을 특징으로 하는 인식 방법.
[청구항5]삭제
[청구항6]인식 대상물이 반도체 칩이고,제4항에 기재된 인식 결과에 기초하여 상기 인식 대상물의 위치나 각도에 관한 소정의 보정 제어를 행하여 상기 인식 대상물을 소정의 회로 기판에 실장하는 것을 특징으로 하는 실장 방법."
7,,익사이팅 러닝 미러 시스템,exciting learning mirror system,G09B 5/06(2006.01)|G09B 19/06(2006.01)|G09B 19/08(2006.01)|G06F 3/00(2006.01)|G06F 3/041(2006.01)|G06V 30/19(2022.01)|G06V 10/00(2022.01)|G06T 19/00(2011.01)|G06K 19/06(2006.01),G09B 5/06(2013.01)|G09B 19/06(2013.01)|G09B 19/08(2013.01)|G06F 3/005(2013.01)|G06F 3/04146(2013.01)|G06V 30/19(2013.01)|G06V 10/00(2013.01)|G06T 19/003(2013.01)|G06K 19/06037(2013.01),1.02022E+12,2022.02.22,천은영(경기도 용인시 처인구...),,1.02678E+12,2024.06.20,1.02023E+12,2023.08.29,,2024.06.24,,,,,,등록,등록결정(일반),,,,Y(2022.02.22),4,"본 발명에 의하면, 어린이의 모습을 반사시키고 스토리일러스트가 어린이의 이미지와 함께 어우러져 출력되도록 하는 디지털거울; 해당 언어로된 단어가 인쇄된 단어보드; 어린이에 의해 디지털거울에 비춰진 단어보드를 촬영하는 영상촬영부; 영상촬영부에 의해 촬영된 단어보드의 이미지로부터 단어보드에 인쇄된 단어를 판독하는 영상판독부; 어린이를 향해 학습을 가이드하는 음성을 출력하여 어린이가 디지털거울을 향해 단어보드를 비추도록 행동을 유도하고 영상판독부로부터 판독된 단어를 어린이를 향해 출력하여 어린이로 하여금 해당 단어를 학습하도록 하는 음성출력부; 단어보드에 인쇄된 단어에 연관된 다수개의 스토리일러스트가 저장된 스토리일러스트저장부; 및 스토리일러스트저장부로부터 영상판독부에서 판독된 단어에 연관된 스토리일러스트를 추출하고 디지털거울에 반사된 어린이의 피사체에 단어에 연관된 이미지를 오버랩하여 어린이가 상기 단어와 연관된 스토리일러스트를 증강세계로 경험하도록 하는 AR출력부를 포함하는 익사이팅 러닝 미러 시스템이 제공된다.",천은영(경기도 용인시 처인구...)|이진아(인천광역시 계양구...),"김함곤(서울특별시 강남구 논현로 ***, *호 층 신진국제특허법률사무소 (역삼동, 용마빌딩))|안광석(서울특별시 강남구 논현로 ***, *층 신진국제특허법률사무소 (역삼동, 용마빌딩))|박영일(서울특별시 강남구 논현로 ***, *층 신진국제특허법률사무소 (역삼동, 용마빌딩))",천은영(경기도 용인시 처인구...),,,"[청구항1]어린이의 모습을 반사시키고 스토리일러스트가 어린이의 이미지와 함께 어우러져 출력되도록 하는 디지털거울(110);해당 언어로된 단어가 인쇄된 단어보드(120);어린이에 의해 디지털거울(110)에 비춰진 단어보드(120)를 촬영하는 영상촬영부(130);영상촬영부(130)에 의해 촬영된 단어보드(120)의 이미지로부터 단어보드(120)에 인쇄된 단어를 판독하는 영상판독부(140);어린이를 향해 학습을 가이드하는 음성을 출력하여 어린이가 디지털거울(110)을 향해 단어보드(120)를 비추도록 행동을 유도하고 영상판독부(140)로부터 판독된 단어를 어린이를 향해 출력하여 어린이로 하여금 해당 단어를 학습하도록 하는 음성출력부(150);단어보드(120)에 인쇄된 단어에 연관된 다수개의 스토리일러스트가 저장된 스토리일러스트저장부(160);스토리일러스트저장부(160)로부터 영상판독부(140)에서 판독된 단어에 연관된 스토리일러스트를 추출하고 디지털거울(110)에 반사된 어린이의 피사체에 단어에 연관된 이미지를 오버랩하여 어린이가 상기 단어와 연관된 스토리일러스트를 증강세계로 경험하도록 하는 AR출력부(170); 및디지털거울(110) 앞에 위치된 어린이를 감지하는 스마트매트(180)를 포함하고,상기 스마트매트(180)는,디지털거울(110)의 전면에 위치되는 매트(181);매트(181)에 구성되고 어린이가 위치되는 것을 감지하거나 어린이의 답압에 의해 발생되는 신호를 처리는 인터페이스부(185); 및인터페이스부(185)로부터 처리되는 신호에 의해 디지털거울(110), 영상촬영부(130), 영상판독부(140), 음성출력부(150) 및 AR출력부(170)이 동작되도록 함과 동시에 어린이에게 인터페이스부(185)의 특정 위치에 정확히 위치되어야 단어 학습 게임이 진행된다는 규칙을 인지하도록 하는 시스템동작부를 포함하는 것을 특징으로 하는 익사이팅 러닝 미러 시스템.
[청구항2]제1항에 있어서, 디지털거울(110)은, 최후방에 배치되는 백프레임(111), 백프레임(111)의 전방에 결합되는 프론트프레임(112), 백프레임(111)의 내측에 결합되는 디스플레이패널(113), 디스플레이패널(113)의 전방에 배치되는 패널가드프레임(114) 및 최전방에 배치되는 미러(115)를 포함하는 것을 특징으로 하는 익사이팅 러닝 미러 시스템.
[청구항3]제1항에 있어서, 단어보드(120)는, 소정의 블록 또는 카드 타입을 가지고,해당 단어에 대응된 바코드나 QR코드가 더 인쇄되는 것을 특징으로 하는 익사이팅 러닝 미러 시스템.
[청구항4]삭제
[청구항5]삭제
[청구항6]제1항에 있어서, 음성출력부(150)는, 디지털거울(110) 앞에 어린이가 위치되는 경우 어린이를 향해 출력되는 학습유도음성과, 디지털거울(110)에 어린이가 단어보드(120)를 비추고 영상판독부(140)로부터 판독된 단어가 반복되는 단어학습음성이 출력되는 것을 특징으로 하는 익사이팅 러닝 미러 시스템."
8,,색-기반 학습을 위한 전자 장치 및 그 동작 방법,electronic device and operation method for color-based learning,G09B 5/02(2006.01)|G09B 19/00(2006.01)|G06Q 50/10(2012.01)|G06V 10/00(2022.01)|G06F 3/00(2006.01),G09B 5/02(2013.01)|G09B 19/00(2013.01)|G06Q 50/10(2013.01)|G06V 10/00(2013.01)|G06F 3/005(2013.01),1.02021E+12,2021.12.30,(주)웅진씽크빅(경기도 파주시...),,1.0269E+12,2024.07.26,1.02023E+12,2023.07.07,,2024.07.31,,,,,,등록,등록결정(일반),,,,Y(2021.12.30),16,"일 실시예에 따르면, 전자 장치로서, 제 1 포트; 디스플레이; 메모리; 및 적어도 하나의 프로세서;를 포함하고, 상기 적어도 하나의 프로세서는: 외부 전자 장치에 의해 촬영된 이미지를 획득하고, 상기 획득된 이미지는 사용자의 문서와 연관되고, 상기 획득된 이미지에 기반하여, 상기 문서의 현재 펼쳐진 제 1 페이지를 식별하고, 상기 식별된 제 1 페이지의 종류가 선 그림에 의해 정의되는 적어도 하나의 영역을 포함하는 종류의 페이지인 경우, 상기 획득된 이미지에 기반하여 상기 제 1 페이지 상에 배치되는 마커의 위치에 대한 정보 및 상기 마커에 대응하는 색에 대한 정보를 식별하고, 상기 마커의 위치에 대한 정보는 상기 제 1 페이지에 포함된 선 그림에 의해 정의되는 복수의 영역들 중 마커가 위치되는 특정 영역에 대한 정보 또는 마커가 위치되는 상기 특정 영역의 특정 부분에 대한 정보 중 적어도 하나를 포함하고, 상기 획득된 이미지를 표시하면서, 상기 표시 중인 이미지 상에 상기 마커의 위치에 대한 정보 및 상기 마커에 대응하는 색과 연관된 감정 및/또는 감각에 대응하는 특정 컨텐트를 중첩하여 표시하도록 설정된, 전자 장치가 제공될 수 있다. 그 밖의 다양한 실시예가 가능하다.",임서영(경기도 파주시...)|황명현(경기도 파주시...)|김효진(경기도 파주시...),이건주(서울 종로구 명륜동*가 ***-*  미화빌딩 이건주특허법률사무소)|강호덕(서울특별시 종로구 대학로*길 ** (명륜*가) 미화빌딩(이건주특허법률사무소)),(주)웅진씽크빅(경기도 파주시...),,,"[청구항1]전자 장치로서,디스플레이; 메모리; 및적어도 하나의 프로세서;를 포함하고, 상기 적어도 하나의 프로세서는:이미지를 획득하고, 상기 획득된 이미지는 문서와 연관되고,상기 획득된 이미지에 기반하여, 상기 문서의 제 1 페이지의 종류를 식별하고,상기 식별된 제 1 페이지의 종류가 선 그림에 의해 정의되는 적어도 하나의 영역을 포함하는 종류의 페이지인 경우, 상기 획득된 이미지에 기반하여 상기 제 1 페이지 상에 배치되는 마커의 위치에 대한 정보 및 상기 마커에 대응하는 색에 대한 정보를 식별하고, 상기 마커의 위치에 대한 정보는 상기 제 1 페이지에 포함된 선 그림에 의해 정의되는 복수의 영역들 중 상기 마커가 위치되는 특정 영역에 대한 정보 또는 상기 마커가 위치되는 상기 특정 영역의 특정 부분에 대한 정보 중 적어도 하나를 포함하고,상기 획득된 이미지를 표시하는 동안, 상기 표시되는 이미지 상에 상기 마커의 위치에 대한 정보에 대응하고, 상기 마커에 대응하는 색과 연관된 감정 및 감각 중 적어도 하나에 대응하는 특정 컨텐트를 중첩하여 표시하도록 설정되고,상기 복수의 영역들은 캐릭터에 대응하는 캐릭터 영역, 또는 배경에 대응하는 배경 영역 중 적어도 하나를 포함하고,상기 특정 부분은 머리, 목, 몸통 또는 다리 중 적어도 하나에 대응하는 부분을 포함하고,상기 적어도 하나의 프로세서는:상기 마커의 위치를 식별하고,상기 메모리에 저장된 상기 제 1 페이지의 상기 복수의 영역들의 제 1 영역에 대한 정보 또는 상기 복수의 영역들 중 적어도 일부의 부분들의 제 2 영역에 대한 정보를 상기 식별된 마커의 위치와 비교하고,상기 비교의 결과에 기반하여 상기 식별된 마커의 위치가 포함되는 영역에 대응하는 상기 특정 영역 또는 상기 특정 영역의 상기 특정 부분을 식별하도록 설정된,전자 장치.
[청구항2]제 1 항에 있어서, 상기 적어도 하나의 프로세서는:상기 메모리에 기-저장된 상기 제 1 페이지와 연관된 복수의 컨텐트들 중에서 상기 마커의 위치에 대한 정보와 상기 감정 및 상기 감각 중 적어도 하나에 대응하는 특정 컨텐트를 획득하고,상기 특정 컨텐트를 상기 디스플레이에 표시하도록 설정되고, 상기 특정 컨텐트는 AR(augmented reality) 오브젝트를 포함하는,전자 장치.
[청구항3]삭제
[청구항4]삭제
[청구항5]제 1 항에 있어서, 상기 적어도 하나의 프로세서는:상기 비교의 결과에 기반하여, 상기 특정 영역를 식별하는 경우:상기 특정 영역이 상기 캐릭터 영역인 경우, 상기 캐릭터 영역 및 상기 식별된 감정 및 상기 식별된 감각 중 적어도 하나에 연관된 제 1 컨텐트를 표시하도록 설정되고,상기 특정 영역이 상기 배경 영역인 경우, 상기 배경 영역 및 상기 식별된 감정 및 상기 식별된 감각 중 적어도 하나에 연관된 제 2 컨텐트를 표시하도록 설정되는,전자 장치.
[청구항6]제 1 항에 있어서,상기 적어도 하나의 프로세서는:상기 비교의 결과에 기반하여, 상기 특정 영역의 상기 특정 부분을 식별하는 경우:상기 특정 영역이 상기 캐릭터 영역이고 상기 특정 부분은 상기 캐릭터 영역의 제 1 부분인 경우, 상기 캐릭터 영역, 상기 제 1 부분 및 상기 식별된 감정 및 상기 식별된 감각 중 적어도 하나에 연관된 제 1 컨텐트를 표시하도록 설정되고,상기 특정 영역이 상기 캐릭터 영역이고 상기 특정 부분은 상기 캐릭터 영역의 제 2 부분인 경우, 상기 캐릭터 영역, 상기 제 2 부분 및 상기 식별된 감정 및 상기 식별된 감각 중 적어도 하나에 연관된 제 2 컨텐트를 표시하도록 설정되고,전자 장치.
[청구항7]제 6 항에 있어서,상기 적어도 하나의 프로세서는:상기 제 1 페이지 상에서 제 1 마커를 식별하고,상기 메모리에 저장된 복수의 시나리오들에 대응하는 복수의 컨텐트들 중에서, 상기 식별된 제 1 마커의 위치에 대한 정보 및 상기 제 1 마커의 색과 연관된 감정 및 감각 중 적어도 하나에 대응하는 제 1 시나리오에 대응하는 제 1 컨텐트를 획득하고,상기 제 1 컨텐트를 상기 디스플레이 상에 표시하도록 설정된,전자 장치.
[청구항8]제 7 항에 있어서,상기 적어도 하나의 프로세서는:상기 제 1 컨텐트의 표시 이후, 상기 제 1 페이지 상에서 제 2 마커를 식별하고,상기 메모리에 저장된 복수의 시나리오들에 대응하는 복수의 컨텐트들 중에서, 이전 시나리오인 상기 제 1 시나리오에 대응하는 제 2 시나리오 및 제 3 시나리오를 식별하고,상기 제 2 시나리오와 상기 제 3 시나리오 중에서, 상기 제 2 마커의 위치에 대한 정보 및 상기 제 2 마커의 색과 연관된 감정 및 감각 중 적어도 하나에 대응하는 특정 시나리오를 선택하고,상기 선택된 특정 시나리오에 대응하는 제 2 컨텐트를 상기 디스플레이 상에 표시하도록 설정된,전자 장치.
[청구항9]제 8 항에 있어서,상기 적어도 하나의 프로세서는:상기 제 1 컨텐트의 표시 이후, 상기 제 1 페이지 상에 힌트 제공을 유발하는 종류의 질문 마커를 식별하고,상기 질문 마커를 식별한 것에 기반하여, 상기 메모리에 저장된 복수의 시나리오들 중 상기 이전 시나리오인 상기 제 1 시나리오에 대응하는 상기 제 2 시나리오 및 상기 제 3 시나리오를 식별하고,상기 제 2 시나리오 및 상기 제 3 시나리오 각각과 연관된 감정 및 감각 중 적어도 하나에 대한 정보 및 마커의 위치에 대한 정보를 식별하고,상기 식별된 감정 및 감각 중 적어도 하나에 대한 정보 및 마커의 위치에 대한 정보와 연관된 텍스트를 상기 디스플레이 상에 표시하도록 설정된,전자 장치.
[청구항10]제 8 항에 있어서,상기 적어도 하나의 프로세서는:상기 제 1 컨텐트 및 상기 제 2 컨텐트를 기반으로, 영상을 생성하고, 상기 생성된 영상은 재생되는 경우 상기 제 1 컨텐트 및 상기 제 2 컨텐트를 표시하도록 구현되고,상기 영상의 재생이 요청되는 경우, 상기 영상을 재생하도록 설정된,전자 장치.
[청구항11]전자 장치의 프로세서에 의해 실행 가능한 프로그램 코드를 저장하는 비일시적 컴퓨터 판독가능 매체에 있어서, 상기 프로그램 코드가 실행되는 경우 상기 프로그램 코드는 상기 프로세서가:이미지를 획득하고, 상기 획득된 이미지는 사용자의 문서와 연관되고,상기 획득된 이미지에 기반하여, 상기 문서의 제 1 페이지를 식별하고,상기 식별된 제 1 페이지가 선 그림에 의해 정의되는 적어도 하나의 영역을 포함하는 페이지인 경우, 상기 획득된 이미지에 기반하여 상기 제 1 페이지 상에 배치되는 마커의 위치에 대한 정보 및 상기 마커에 대응하는 색에 대한 정보를 식별하고, 상기 마커의 위치에 대한 정보는 상기 제 1 페이지에 포함된 선 그림에 의해 정의되는 복수의 영역들 중 상기 마커가 위치되는 특정 영역에 대한 정보 또는 상기 마커가 위치되는 상기 특정 영역의 특정 부분에 대한 정보 중 적어도 하나를 포함하고,상기 획득된 이미지를 상기 전자 장치의 디스플레이를 통하여 표시하는 동안, 상기 표시되는 이미지 상에 상기 마커의 위치에 대한 정보에 대응하고, 상기 마커에 대응하는 색과 연관된 감정 및 감각 중 적어도 하나에 대응하는 특정 컨텐트를 중첩하여 표시하도록 하고,상기 복수의 영역들은 캐릭터에 대응하는 캐릭터 영역, 또는 배경에 대응하는 배경 영역 중 적어도 하나를 포함하고,상기 특정 영역의 부분은 머리, 목, 몸통 또는 다리 중 적어도 하나에 대응하는 부분을 포함하고,상기 프로그램 코드가 실행되는 경우 상기 프로그램 코드는 상기 프로세서가:상기 마커의 위치를 식별하고,상기 전자 장치의 메모리에 저장된 상기 제 1 페이지의 복수의 영역들의 제 1 영역에 대한 정보 또는 상기 복수의 영역들 중 적어도 일부의 부분들의 제 2 영역에 대한 정보를 상기 식별된 마커의 위치와 비교하고,상기 비교의 결과에 기반하여 상기 식별된 마커의 위치가 포함되는 영역에 대응하는 상기 특정 영역 또는 상기 특정 영역의 상기 특정 부분을 식별하도록 하는,비일시적 컴퓨터 판독 가능 매체.
[청구항12]제 11 항에 있어서, 상기 프로그램 코드가 실행되는 경우 상기 프로그램 코드는 상기 프로세서가:상기 전자 장치의 메모리에 기-저장된 상기 제 1 페이지와 연관된 복수의 컨텐트들 중에서 상기 마커의 위치에 대한 정보와 상기 감정 및 상기 감각 중 적어도 하나에 대응하는 특정 컨텐트를 획득하고,상기 특정 컨텐트를 상기 디스플레이에 표시하도록 하고, 상기 특정 컨텐트는 AR(augmented reality) 오브젝트를 포함하는,비일시적 컴퓨터 판독 가능 매체.
[청구항13]삭제
[청구항14]삭제
[청구항15]제 11 항에 있어서, 상기 프로그램 코드가 실행되는 경우 상기 프로그램 코드는 상기 프로세서가:상기 비교의 결과에 기반하여, 상기 특정 영역을 식별하는 경우:상기 특정 영역이 상기 캐릭터에 대응하는 영역인 경우, 상기 캐릭터에 대응하는 영역 및 상기 식별된 감정 및 상기 식별된 감각 중 적어도 하나에 연관된 제 1 컨텐트를 표시하도록 설정되고,상기 특정 영역이 상기 배경에 대응하는 영역인 경우, 상기 배경에 대응하는 영역 및 상기 식별된 감정 및 상기 식별된 감각 중 적어도 하나에 연관된 제 2 컨텐트를 표시하도록 하는,비일시적 컴퓨터 판독 가능 매체.
[청구항16]제 11 항에 있어서,상기 프로그램 코드가 실행되는 경우 상기 프로그램 코드는 상기 프로세서가:상기 비교의 결과에 기반하여, 상기 특정 영역의 상기 특정 부분을 식별하는 경우:상기 특정 영역이 상기 캐릭터 영역이고 상기 특정 부분은 상기 캐릭터 영역의 제 1 부분인 경우, 상기 캐릭터 영역, 상기 제 1 부분 및 상기 식별된 감정 및 상기 식별된 감각 중 적어도 하나에 연관된 제 1 컨텐트를 표시하도록 설정되고,상기 특정 영역이 상기 캐릭터 영역이고 상기 특정 부분은 상기 캐릭터 영역의 제 2 부분인 경우, 상기 캐릭터 영역, 상기 제 2 부분 및 상기 식별된 감정 및 상기 식별된 감각 중 적어도 하나에 연관된 제 2 컨텐트를 표시하도록 하고,비일시적 컴퓨터 판독 가능 매체.
[청구항17]제 16 항에 있어서,상기 프로그램 코드가 실행되는 경우 상기 프로그램 코드는 상기 프로세서가:상기 제 1 페이지 상에서 제 1 마커를 식별하고,상기 메모리에 저장된 복수의 시나리오들에 대응하는 복수의 컨텐트들 중에서, 상기 식별된 제 1 마커의 위치에 대한 정보 및 상기 제 1 마커의 색과 연관된 감정 및 감각 중 적어도 하나에 대응하는 제 1 시나리오에 대응하는 제 1 컨텐트를 획득하고,상기 제 1 컨텐트를 상기 디스플레이 상에 표시하도록 하는,비일시적 컴퓨터 판독 가능 매체.
[청구항18]제 17 항에 있어서,상기 프로그램 코드가 실행되는 경우 상기 프로그램 코드는 상기 프로세서가:상기 제 1 컨텐트의 표시 이후, 상기 제 1 페이지 상에서 제 2 마커를 식별하고,상기 메모리에 저장된 복수의 시나리오들에 대응하는 복수의 컨텐트들 중에서, 이전 시나리오인 상기 제 1 시나리오에 대응하는 제 2 시나리오 및 제 3 시나리오를 식별하고,상기 제 2 시나리오와 상기 제 3 시나리오 중에서, 상기 제 2 마커의 위치에 대한 정보 및 상기 제 2 마커의 색과 연관된 감정 및 감각 중 적어도 하나에 대응하는 특정 시나리오를 선택하고,상기 선택된 특정 시나리오에 대응하는 제 2 컨텐트를 상기 디스플레이 상에 표시하도록 하고,비일시적 컴퓨터 판독 가능 매체.
[청구항19]제 18 항에 있어서,상기 프로그램 코드가 실행되는 경우 상기 프로그램 코드는 상기 프로세서가:상기 제 1 컨텐트의 표시 이후, 상기 제 1 페이지 상에 힌트 제공을 유발하는 종류의 질문 마커를 식별하고,상기 질문 마커를 식별한 것에 기반하여, 상기 메모리에 저장된 복수의 시나리오들 중 상기 이전 시나리오인 상기 제 1 시나리오에 대응하는 상기 제 2 시나리오 및 상기 제 3 시나리오를 식별하고,상기 제 2 시나리오 및 상기 제 3 시나리오 각각과 연관된 감정 및 감각 중 적어도 하나에 대한 정보 및 마커의 위치에 대한 정보를 식별하고,상기 식별된 감정 및 감각 중 적어도 하나에 대한 정보 및 마커의 위치에 대한 정보와 연관된 텍스트를 상기 디스플레이 상에 표시하도록 하고,비일시적 컴퓨터 판독 가능 매체.
[청구항20]제 18 항에 있어서,상기 프로그램 코드가 실행되는 경우 상기 프로그램 코드는 상기 프로세서가:상기 제 1 컨텐트 및 상기 제 2 컨텐트를 기반으로, 영상을 생성하고, 상기 생성된 영상은 재생되는 경우 상기 제 1 컨텐트 및 상기 제 2 컨텐트를 표시하도록 구현되고,상기 영상의 재생이 요청되는 경우, 상기 영상을 재생하도록 하는,비일시적 컴퓨터 판독 가능 매체."
9,,전기 제품의 제어방법,method of controlling an electric product,G06V 10/00(2022.01)|G06V 10/40(2022.01),G06K 9/78(2013.01)|G06K 9/00449(2013.01)|F25D 2400/361(2013.01)|F25D 2500/06(2013.01),1.02012E+12,2012.09.28,엘지전자 주식회사(서울특별시 영등포구...),,1.02068E+12,2020.01.13,1.02014E+12,2014.04.07,,2020.01.17,,,,,,등록,등록결정(재심사후),,,,Y(2017.09.21),11,"본 발명은 전기 제품의 제어방법에 관한 것이다. 일 측면에 따른 전기 제품의 제어방법은, 인식 장치에서 인식 대상의 이미지를 획득하는 단계; 획득한 이미지에서 인식 대상 영역을 추출하여 인식 대상 영역을 디스플레이부에 표시하는 단계; 표시된 인식 대상 영역 중에서 인식을 수행할 인식 대상 영역을 결정하는 단계; 및 결정된 인식 대상 영역 내에 포함된 정보를 인식하고, 인식 결과를 표시하는 단계를 포함한다.",김양환(경남 창원시 성산구...)|김무승(경남 창원시 성산구...),허용록(서울 강남구 역삼로 *** (역삼동) *층(선영특허법률사무소)),엘지전자 주식회사(서울특별시 영등포구...),,,"[청구항1]인식 장치에서 물품의 구매 영수증의 이미지를 획득하는 단계; 획득한 이미지에서 인식 대상 영역을 추출하여 인식 대상 영역과, 비인식 대상 영역을 구분하여 디스플레이부에 표시하는 단계; 표시된 인식 대상 영역 중에서 인식을 수행할 인식 대상 영역을 선택하는 단계, 여기서 상기 디스플레이부에는 추출된 인식 대상 영역을 선택하기 위한 선택부가 표시되며; 및선택된 인식 대상 영역 내에 포함된 정보를 인식하고, 인식 결과를 표시하는 단계를 포함하고,상기 표시된 인식 대상 영역 내에 포함되는 정보는 물품명 또는 물품 코드를 포함하고,상기 선택된 인식 대상 영역 내에 포함된 정보를 인식하고, 인식 결과를 표시하는 단계는,인식한 물품 코드가 메모리에 저장된 물품 코드와 일치하는지 여부를 판단하는 단계;인식한 물품 코드가 메모리에 저장된 물품 코드와 일치하는 경우, 인식한 물품 코드에 대응하는 물품 카테고리 또는 물품명이 메모리에 저장되고, 상기 디스플레이부에 인식 결과가 표시되는 단계; 및인식한 물품 코드가 메모리에 저장된 물품 코드와 일치하지 않는 경우, 상기 표시된 인식 대상 영역 내에 포함되는 물품명을 인식하여 메모리에 저장된 정보와 비교하는 전기 제품의 제어방법. 
[청구항2]삭제
[청구항3]제 1 항에 있어서, 다수의 인식 대상 영역이 추출된 경우에는, 상기 디스플레이부에서는 다수의 인식 대상 영역이 구분되어 표시되는 전기 제품의 제어방법. 
[청구항4]제 3 항에 있어서, 상기 인식 대상 영역을 결정하는 단계에서는, 다수의 인식 대상 영역 각각의 인식 수행 여부가 개별적으로 결정되는 전기 제품의 제어방법. 
[청구항5]제 3 항에 있어서, 다수의 인식 대상 영역 중 인식을 수행할 영역을 선택할 수 있는 전기 제품의 제어방법. 
[청구항6]제 3 항에 있어서, 다수의 인식 대상 영역 중에서 인식을 미수행할 영역을 선택할 수 있는 전기 제품의 제어방법. 
[청구항7]삭제
[청구항8]제 1 항에 있어서, 표시된 인식 대상 영역 내에 포함되는 정보는 수량, 가격, 구입날짜 중 하나 이상을 더 포함하는 전기제품의 제어방법. 
[청구항9]제 1 항에 있어서, 획득한 이미지에서 인식 대상 영역이 미추출되는 경우에는 이미지 재획득 요청을 위한 정보가 표시되는 전기제품의 제어방법. 
[청구항10]제 1 항에 있어서, 상기 인식된 결과를 표시하는 단계에서는, 인식한 정보가 속하는 카테고리가 표시되는 전기제품의 제어방법. 
[청구항11]제 1 항에 있어서, 상기 인식된 결과를 표시하는 단계에서는, 인식한 정보 자체가 표시되는 전기제품의 제어방법. 
[청구항12]제 10 항 또는 제 11 항에 있어서, 상기 인식된 결과를 표시하는 단계에서는, 인식한 정보의 개수가 표시되는 전기제품의 제어방법. 
[청구항13]삭제
[청구항14]제 1 항에 있어서, 획득한 이미지 내의 물품의 순번, 물품명 또는 물품 코드 중 어느 하나를 기준으로 상기 인식 대상 영역이 추출되는 전기제품의 제어방법. "
10,,사업장 맞춤형 안전관리 매뉴얼 제공 장치 및 방법,apparatus and method for providing safety accident prevention manual customized for workplace,G06Q 50/26(2024.01)|G06V 10/00(2022.01)|G06T 11/60(2006.01),G06Q 50/26(2013.01)|G06V 10/00(2013.01)|G06T 11/60(2013.01),1.02023E+12,2023.12.27,길동식(서울특별시 성북구...),,1.02741E+12,2024.12.04,,,,2024.12.06,,,,,,등록,등록결정(일반),,,,Y(2023.12.27),1,"본 발명은 사업장 맞춤형 안전관리 매뉴얼 제공 장치 및 방법에 관한 것이다. 본 발명의 일 실시예에 따른 전자 장치는 메모리(memory) 및 상기 메모리와 연결된 프로세서(processor)를 포함하고, 상기 프로세서는, 사용자단말로부터 사업장 내부를 기설정된 촬영위치에서 촬영된 사업장영상을 수신하고, 인공지능모듈을 통하여 상기 사업장영상에서 객체들을 식별하고, 상기 사업장영상에서 해당 객체들의 이동동선을 도출하고, 상기 객체 및 상기 객체들의 상기 이동동선을 기반으로 상기 사업장에 대한 안전사고예방매뉴얼을 생성하고, 상기 안전사고예방매뉴얼을 상기 사용자단말에게 송신할 수 있다.",길동식(서울특별시 성북구...),"이용성(서울특별시 강남구 테헤란로**길 **, *층 (삼성동, 인화빌딩)(상상특허법률사무소))|서평강(서울 강남구 테헤란로**길 ** (삼성동) *층(상상특허법률사무소))",길동식(서울특별시 성북구...),,,"[청구항1]전자 장치에 있어서, 메모리(memory); 및상기 메모리와 연결된 프로세서(processor); 를 포함하고, 상기 프로세서는:사용자단말로부터 사업장 내부를 기설정된 촬영위치에서 촬영된 사업장영상을 수신하고,인공지능모듈을 통하여 상기 사업장영상에서 객체들을 식별하고, 상기 사업장영상에서 해당 객체들의 이동동선을 도출하고,상기 객체 및 상기 객체들의 상기 이동동선을 기반으로 상기 사업장에 대한 안전사고예방매뉴얼을 생성하고,상기 안전사고예방매뉴얼을 상기 사용자단말에게 송신하고,상기 객체는,사람, 상기 사업장에서 사용 또는 보관하는 물건 및 거치대이고,상기 프로세서는,상기 사용자단말로부터 상기 사업장의 설계도 및 상기 설계도상에서의 상기 촬영위치에 대한 정보를 수신하고,상기 이동동선은,상기 설계도상에 표시되고,상기 프로세서는,상기 객체 중에서 상기 사람에 해당하는 사람객체 및 상기 객체 중에서 상기 물건 및 구조물에 해당하는 물건객체를 구분하고,상기 이동동선 중에서 상기 사람객체의 이동동선을 나타내는 사람이동동선 및 상기 물건객체의 이동동선을 나타내는 물건이동동선을 구분하고,상기 설계도를 기설정된 크기의 복수개의 영역으로 구분하고,상기 사람이동동선과 상기 물건이동동선이 중첩되는 영역을 제1 위험영역으로 설정하고,상기 제1 위험영역에서 발생될 수 있는 제1 안전사고 및 제1 안전사고예방사항을 도출하여 상기 안전사고예방매뉴얼을 생성하고,상기 프로세서는,상기 설계도 상에서 상기 물건이동동선의 끝점에 해당하는 영역을 물건보관영역으로 설정하고,상기 물건보관영역을 중심으로 인접한 영역 중에서 상기 사람이동동선에 겹치는 영역을 제2 위험영역으로 설정하고,상기 제2 위험영역에서 발생될 수 있는 제2 안전사고 및 제2 안전사고예방사항을 더 도출하여 상기 안전사고예방매뉴얼을 생성하고,상기 프로세서는,상기 물건 또는 상기 구조물에 의하여 발생된 안전사고에 대한 정보를 포함하는 안전사고DB를 기반으로,상기 제1 위험영역에 중첩되는 상기 물건객체에 의하여 발생하는 안전사고를 상기 제1 안전사고로 도출하고,상기 안전사고DB 및 웹상에서 안전사고관련정보를 기반으로 학습된 대규모언어모델(Large Language Model, LLM)을 통하여, 상기 제1 안전사고를 예방하기 위한 방법을 상기 제1 안전사고예방사항으로 도출하고,상기 안전사고DB를 기반으로 상기 물건보관영역에 대응하는 해당 물건객체의 추락에 해당하는 안전사고를 제2 안전사고로 도출하고,상기 대규모언어모델을 통하여, 상기 제2 안전사고를 예방하기 위한 방법을 상기 제2 안전사고예방사항으로 도출하고,상기 프로세서는,복수개의 상기 제1 위험영역 및 상기 제2 위험영역에 대하여 안전사고의 위험한 정도를 나타내는 영역별위험성점수를 도출하고,상기 제1 위험영역 및 상기 제2 위험영역과 그에 대응하는 제1 안전사고예방사항 및 제2 안전사고예방사항을 상기 영역별위험성점수가 높은 순으로 나열하여 상기 안전사고예방매뉴얼을 생성하고,상기 프로세서는,상기 영역별위험성점수가 기설정된 임계영역별위험성점수를 초과하는 제1 위험영역 또는 제2 위험영역에 대한 제1 안전사고예방사항 또는 제2 안전사고예방사항은 특별예방매뉴얼로 생성하고, 해당 영역에 부착될 수 있도록 출력장치에게 상기 특별예방매뉴얼을 송신하고,상기 영역별위험성점수는,해당 제1 위험영역 또는 해당 제2 위험영역을 통과하는 사람이동동선 또는 물건이동동선의 수, 해당 제1 안전사고 또는 해당 제2 안전사고의 수, 해당 제1 안전사고 또는 해당 제2 안전사고의 발생률을 기반으로 도출되고,상기 영역별위험성점수는,아래 수학식에 의하여 도출되되,rs는 상기 영역별위험성점수를 의미하고, a는 해당 제1 위험영역 또는 제2 위험영역을 통과하는 사람이동동선 또는 물건이동동선의 수를 의미하고, b는 해당 제1 위험영역 또는 제2 위험영역에 포함되는 물건객체에 대응하는 제1 안전사고 또는 제2 안전사고의 수를 의미하고, ar_i는 해당 제1 위험영역 또는 제2 위험영역에 포함되는 물건객체에 대응하는 제1 안전사고 또는 제2 안전사고를 임의의 순서로 나열했을 때, i번째 제1 안전사고 또는 제2 안전사고에 대한 기설정된 기간동안의 전체 안전사고 대비 발생률을 의미하는 것을 특징으로 하는, 전자 장치.
[청구항2]삭제
[청구항3]삭제
[청구항4]삭제
[청구항5]삭제"
11,,전기 제품의 제어방법,method of controlling an electric product,G06V 10/00(2022.01)|G06V 10/40(2022.01)|G06Q 10/08(2024.01),G06K 9/78(2013.01)|G06K 9/00449(2013.01)|G06Q 10/087(2013.01)|F25D 2500/06(2013.01),1.02012E+12,2012.09.28,엘지전자 주식회사(서울특별시 영등포구...),,1.02047E+12,2019.11.13,1.02014E+12,2014.04.07,,2019.11.19,,,,,,등록,등록결정(일반),,,,Y(2017.09.21),9,"본 발명은 전기 제품의 제어방법에 관한 것이다. 일 측면에 따른 전기 제품의 제어방법은, 인식 장치에서 인식 대상의 이미지를 획득하는 단계; 획득한 이미지에서 물품 정보를 인식하고, 인식한 물품 정보를 메모리부에 저장된 정보와 비교하는 단계; 및 디스플레이부에서 비교 결과를 표시하는 단계를 포함하고, 인식한 물품 정보가 메모리부에 저장된 정보와 일치하지 않는 경우, 상기 디스플레이부에서는 인식한 물품 정보 자체가 표시되는 것을 특징으로 한다.",김무승(경남 창원시 성산구...),허용록(서울 강남구 역삼로 *** (역삼동) *층(선영특허법률사무소)),엘지전자 주식회사(서울특별시 영등포구...),,,"[청구항1]인식 장치에서 인식 대상의 이미지를 획득하는 단계; 획득한 이미지에서 물품 정보를 인식하고, 인식한 물품 정보를 메모리부에 저장된 정보와 비교하는 단계; 및 디스플레이부에서 비교 결과를 표시하는 단계를 포함하고, 상기 메모리는, 관리 물품 정보가 저장되는 제1메모리와, 사용자가 선택한 물품 정보가 저장되는 제2메모리를 포함하고,상기 인식한 물품 정보를 메모리부에 저장된 정보와 비교하는 단계는,인식한 물품 정보가 상기 제1메모리에 저장된 정보와 일치하는지 여부를 판단하는 단계;인식한 물품 정보가 상기 제1메모리에 저장된 정보와 일치하지 않는 경우, 인식한 물품 정보가 제2메모리에 저장된 정보와 일치하는지 여부를 판단하는 단계;인식한 물품 정보가 상기 제2메모리에 저장된 정보와 일치하지 않는 경우, 인식한 물품 정보 자체를 상기 디스플레이부에 표시하는 단계;상기 디스플레이부에 표시된 물품 정보가 수정되는지 여부를 판단하는 단계;상기 표시된 물품 정보가 수정된 경우, 수정된 물품 정보가 상기 제1메모리 및 상기 제2메모리에 저장된 정보와 일치하는지 여부를 판단하는 단계; 및수정된 물품 정보가 상기 제1메모리 및 상기 제2메모리에 저장된 정보와 일치하지 않는 경우, 수정된 물품 정보에 대응하는 카테고리 정보를 상기 제 2 메모리에 저장하는 단계를 포함하는 전기 제품의 제어방법. 
[청구항2]제 1 항에 있어서, 상기 인식한 물품 정보는, 물품명 또는 물품 코드를 포함하는 전기 제품의 제어방법. 
[청구항3]삭제
[청구항4]삭제
[청구항5]제 1 항에 있어서,상기 인식한 물품 정보는 상기 제2메모리에 저장될 수 있는 전기 제품의 제어방법. 
[청구항6]제 5 항에 있어서, 상기 제2메모리에는 상기 인식한 물품 정보 외에 새롭게 생성된 정보가 함께 저장되는 전기 제품의 제어방법. 
[청구항7]제 1 항에 있어서, 상기 제1메모리에 저장된 정보는 업데이트될 수 있으며, 업데이트 과정에서 상기 제1메모리에 추가될 정보가 상기 제2메모리에 저장된 정보와 일치하는 경우, 상기 제2메모리에 저장된 정보가 삭제되고, 삭제된 정보가 상기 제1메모리에 저장되는 전기 제품의 제어방법. 
[청구항8]제 1 항에 있어서, 상기 수정된 물품 정보가 상기 메모리부에 저장된 정보와 일치하는 경우, 수정된 물품 정보에 대응하는 카테고리 정보가 상기 디스플레이부에서 표시되는 전기 제품의 제어방법. 
[청구항9]제 8 항에 있어서, 상기 카테고리 정보는, 물품명이 속하는 물품 카테고리 및 물품 아이디 정보 중 하나 이상을 포함하는 전기 제품의 제어방법. 
[청구항10]제 1 항에 있어서, 상기 인식한 물품 정보를 상기 메모리부에 저장된 정보와 비교하는 단계는, 인식된 물품 정보를 보정하는 단계와, 보정된 정보를 상기 메모리부에 저장된 정보와 비교하는 단계를 포함하는 전기 제품의 제어방법. 
[청구항11]제 1 항에 있어서, 상기 인식한 물품 정보에 포함되는 물품명 중 일부 키워드가 상기 메모리부에 저장된 물품명과 일치하는 경우, 상기 인식한 물품 정보가 상기 메모리부에서 저장된 정보와 일치하는 것으로 판단되는 전기 제품의 제어방법. "
12,,"휴대용기기, 휴대용기기 동작방법 및 그를 포함한 냉장고 시스템","a portable device, a method for the portable device and the refrigerator system comprising thereof",G06V 10/40(2022.01)|G06V 10/00(2022.01)|G06Q 10/08(2024.01)|H01Q 1/22(2006.01),G06K 9/78(2013.01)|G06K 9/00449(2013.01)|G06Q 10/087(2013.01)|H01Q 1/2291(2013.01)|F25D 2500/06(2013.01),1.02012E+12,2012.09.25,엘지전자 주식회사(서울특별시 영등포구...),,1.0201E+12,2019.08.07,1.02014E+12,2014.04.02,,2019.08.13,,,,,,등록,등록결정(재심사후),,,,Y(2017.09.06),14,"본 발명의 휴대용기기, 휴대용기기 동작방법 및 그를 포함한 냉장고 시스템은, 휴대용기기가 하나 이상의 문자로 구성된 하나 이상의 상품정보를 포함하는 문서를 촬영하는 카메라; 카메라가 촬영한 영상을 표시하는 디스플레이부; 및 상품정보를 디스플레이부에 표시하고, 하나 이상의 상품정보 중 일부 또는 전부가 선택되었는지 여부와 상기 선택된 상품정보의 상위개념인 상위 카테고리 명칭을 상기 디스플레이부에 표시하는 제어부;를 포함하고, 상기 휴대용 기기와, 상기 휴대용기기와 통신하여 상기 선택된 정보단위의 상위개념인 하나 이상의 상위 카테고리 명칭 중 일부 또는 전부를 수신하는 냉장고;를 포함하는 냉장고 시스템을 구성함으로써, 그 문자가 포함하는 정보를 분석하여 사용자가 일일이 정보를 입력해야 하는 수고를 덜 수 있고, 상품정보를 분석하여 단순화된 상품의 상위 카테고리 명칭을 보관목록에 저장하여 사용자가 확인하기 용이하고, 상품정보 중에 선택된 것만 보관목록에 저장하여, 보관목록을 간결하게 정리할 수 있다.",최종미(경상남도 창원시 성산구...),박병창(서울 강남구 영동대로**길 ** (대치동) *층(팍스국제특허법률사무소)),엘지전자 주식회사(서울특별시 영등포구...),,,"[청구항1]하나 이상의 문자로 구성된 하나 이상의 상품정보를 포함하는 문서를 촬영하는 카메라;상기 하나 이상의 상품정보 중 선택된 상품정보로 구성된 보관목록을 저장하는 메모리;상기 카메라가 촬영한 영상을 표시하는 디스플레이부; 및상기 상품정보를 상기 디스플레이부에 표시하고, 상기 하나 이상의 상품정보 중 일부 또는 전부가 선택되었는지 여부를 상기 디스플레이부에 표시하고, 사용자 입력에 대응하여 선택된 상품정보를 상기 디스플레이부를 통해 표시하고, 상기 선택된 상품정보의 상위개념인 상위 카테고리 명칭을 상기 디스플레이부에 표시하는 제어부;를 포함하고, 상기 제어부는 선택된 상품정보를 포함하는 상기 보관목록을 상기 디스플레이부에 표시하며, 상기 보관목록을 냉장고로 전송하여 상기 보관목록을 동기화하는 휴대용기기.
[청구항2]제1항에 있어서,상기 상위 카테고리 명칭은 하나 이상이고,상기 디스플레이부는 표시되는 상기 상품정보에 대응하여 하나 이상의 상기 상위 카테고리 명칭을 표시하고, 하나 이상의 상기 상위 카테고리 명칭이 일부 또는 전부가 선택되었는지 여부를 표시하는 휴대용기기.
[청구항3]제1항에 있어서,상기 보관목록에 포함되는 상품정보의 개수를 표시하는 휴대용기기.
[청구항4]제3항에 있어서,상기 보관목록은 상기 상위 카테고리 명칭을 포함하는 휴대용기기.
[청구항5]삭제
[청구항6]제1항에 있어서,상기 상품정보는 상품명 또는 상기 상품명에 대응하는 코드번호를 포함하는 휴대용기기.
[청구항7]제1항에 있어서,상기 상품정보 및 상기 상품정보에 대응하는 상위개념인 상기 상위 카테고리 명칭을 포함하여, 상품정보를 분석하는 기초가 되는 데이터정보를 저장하는 메모리;를 더 포함하는 휴대용기기.
[청구항8]제1항에 있어서,상기 디스플레이부는 상기 상품정보를 음영처리하여 표시하는 휴대용기기.
[청구항9]제1항에 있어서,상기 상품정보는 복수개일 수 있고,상기 디스플레이부는 상기 복수개의 상품정보에 각각 대응하고, 사용자의 입력에 대응하여 선택 또는 선택해제를 할 수 있는 선택란을 표시하는 휴대용기기.
[청구항10]하나 이상의 문자로 구성된 상품정보를 포함하는 문서를 촬영하는 단계;상기 하나 이상의 문자를 분석하여, 하나 이상의 상품정보를 표시하는 단계; 상기 하나 이상의 상품정보 중 일부 또는 전부가 선택되었는지 여부를 표시하는 단계;선택된 상품정보를 표시하는 단계; 및상기 선택된 상품정보의 상위개념인 상위 카테고리 명칭을 표시하는 단계;상기 선택된 상품정보를 포함하는 보관목록을 저장하는 단계; 및상기 보관목록을 냉장고로 전송하여 상기 보관목록을 동기화하는 단계;를 포함하는 휴대용기기 동작방법.
[청구항11]삭제
[청구항12]제10항에 있어서,상기 상위 카테고리 명칭 중 일부 또는 전부가 선택되었는지를 표시하는 단계;를 더 포함하는 휴대용기기 동작방법.
[청구항13]제10항에 있어서,상기 선택된 상품정보를 포함하는 상기 보관목록을 표시하는 단계;를 더 포함하는 휴대용기기 동작방법.
[청구항14]제13항에 있어서,상기 보관목록은 상기 상품정보의 상위개념인 상위 카테고리 명칭을 저장하는 휴대용기기 동작방법.
[청구항15]삭제
[청구항16]제10항에 있어서,상기 상품정보는 상품명 또는 상기 상품명에 대응하는 정보인 코드번호를 포함하는 휴대용기기 동작방법.
[청구항17]하나 이상의 문자로 구성된 상품정보를 포함하는 문서를 촬영하는 카메라, 상기 카메라가 촬영한 영상을 표시하는 디스플레이부 및 상기 상품정보를 상기 디스플레이부에 표시하고, 상기 하나 이상의 상품정보 중 일부 또는 전부가 선택되었는지 여부를 상기 디스플레이부에 표시하며, 선택된 상품정보를 포함하는 보관목록을 메모리에 저장하는 제어부를 포함하는 휴대용기기; 및상기 휴대용기기와 통신하여 상기 보관목록을 수신하고, 상기 휴대용기기와 상기 보관목록을 동기화하는 냉장고;를 포함하는 냉장고 시스템."
13,,시선 추적 장치 및 이의 시선 추적 방법,gaze tracking apparatus and method,H04N 13/04(2006.01)|G06V 10/00(2022.01)|G06T 7/30(2017.01),H04N 13/0484(2013.01)|G06K 9/00597(2013.01)|G06T 7/30(2013.01),1.02012E+12,2012.07.26,엘지이노텍 주식회사(서울특별시 강서구...),,1.02002E+12,2019.07.23,1.02014E+12,2014.02.06,,2019.07.29,,,,,,등록,등록결정(일반),,,,Y(2017.07.17),14,실시 예에 따른 시선 추적 장치는 제 1 영상을 획득하는 단계; 상기 획득한 제 1 영상을 이용하여 상기 제 1 영상보다 해상도가 높은 제 2 영상을 생성하는 단계; 상기 생성한 제 2 영상 내에서 사용자의 안구 영역을 인식하는 단계; 및 상기 인식한 안구 영역 내에서 사용자 동공을 인식하여 사용자 시선을 추적하는 단계를 포함한다.,이규태(서울 중구...),허용록(서울 강남구 역삼로 *** (역삼동) *층(선영특허법률사무소)),엘지이노텍 주식회사(서울특별시 강서구...),,3,"[청구항1]광 정보를 획득하는 복수 개의 포토센서를 포함하는 포토센서 어레이를 이용해 서로 상이한 초점 거리를 갖는 복수 개의 제 1 영상 프레임을 획득하는 단계;상기 포토센서 어레이 상의 상기 포토센서 위치 정보를 이용하여 상기 광 정보가 입사되는 방향을 획득하는 단계;상기 복수 개의 제 1 영상 프레임의 상기 광 정보와 상기 복수 개의 제 1 영상 프레임의 상기 광 정보가 입사되는 방향을 이용하여 각각의 상기 제 1 영상 프레임 보다 해상도가 높은 제 2 영상 프레임을 생성하는 단계;상기 생성한 제 2 영상 프레임 내에서 안구 영역을 인식하는 단계;상기 안구 영역에서 동공 영역을 인식하는 단계; 상기 동공 영역에서 상기 동공의 중심을 인식하는 단계; 및상기 동공의 중심 정보를 이용하여 피사체의 시선을 추적하는 단계를 포함하고,상기 복수 개의 제 1 영상 프레임은 단일 개의 영상 획득부에 위치한 렌즈를 광축 방향으로 이동시켜 동일한 상기 피사체에 대해 초점이 다르게 촬영된 영상이고,상기 동공 영역을 인식하는 단계는 이진화 기법을 수행하며,상기 동공의 중심을 인식하는 단계는 상기 동공 영역에 대해 원형 검출 알고리즘과 상기 이진화 기법을 수행하여 동공의 중심 위치를 획득하고,상기 원형 검출 알고리즘은 내부 원과 외부 원으로 구성되는 원형 검출 템플릿을 상기 안구 영역 내의 상기 동공 영역으로 이동시켜 상기 템플릿의 상기 내부 원과 상기 외부 원의 그레이 레벨 합 차가 가장 큰 부분을 검출하고 상기 검출한 영역의 중심점을 상기 동공의 중심점으로 획득하고, 상기 이진화 기법은 상기 안구 영역 내에서 임계값을 기준으로 어두운영역과 밝은 영역으로 나누고, 상기 어두운 영역에 대한 무게 중심을 상기 동공의 실질적인 중심점으로 판단하는 시선 추적 방법.
[청구항2]제 1 항에 있어서,상기 광이 입사되는 방향은 상기 포토센서 상에 입사된 광의 방향인 시선 추적 방법.
[청구항3]삭제
[청구항4]삭제
[청구항5]제 1항에 있어서,상기 제 2 영상 프레임을 생성하는 단계는,상기 복수 개의 제 1 영상 프레임에 대해 영상 보간 알고리즘을 적용하여 상기 제 2 영상 프레임을 생성하는 시선 추적 방법.
[청구항6]제 1항에 있어서,상기 제 2 영상 프레임을 생성하는 단계는,상기 복수 개의 제 1 영상 프레임 내에 포함된 상기 피사체의 상기 안구 영역을 확대한 확대 영상을 생성하는 단계를 포함하는 시선 추적 방법.
[청구항7]제 1항에 있어서,상기 안구 영역을 인식하는 단계는상기 제 2 영상 프레임 내에 복수의 상기 피사체가 존재하는 경우, 상기 복수의 피사체 각각에 대한 상기 안구 영역을 확대한 영상을 생성하는 단계를 포함하는 시선 추적 방법.
[청구항8]제 7항에 있어서,상기 피사체 시선을 추적하는 단계는,상기 복수의 피사체 각각에 대한 상기 안구 영역 내에서 상기 동공을 인식하여 상기 복수의 피사체 각각에 대한 상기 시선을 추적하는 단계를 포함하는 시선 추적 방법.
[청구항9]제 8항에 있어서,상기 복수의 피사체 각각에 대해 추적한 상기 시선에 대한 정보를 표시하는 단계를 더 포함하는 시선 추적 방법.
[청구항10]광이 입사되는 메인 렌즈;상기 메인 렌즈에 입사한 광의 방향을 분리하는 마이크로렌즈 어레이;복수 개의 포토센서로 구성되어, 상기 광의 정보와 상기 포토센서 위치 정보를 획득하는 포토센서 어레이;상기 메인 렌즈, 상기 마이크로렌즈 어레이, 상기 포토센서 어레이로 구성되어 상기 메인 렌즈를 광축 방향으로 이동시켜 서로 상이한 초점 거리를 가지는 복수 개의 제 1 영상 프레임을 획득하는 단일 개의 영상 획득부;상기 포토센서의 위치 정보를 이용하여 상기 광이 입사되는 방향을 획득하고, 상기 광이 입사되는 방향과 상기 광 정보를 이용하여 제 2 영상 프레임을 생성하는 고해상도 영상 생성부;상기 고해상도 영상 생성부를 통해 생성된 상기 제 2 영상 프레임으로부터 안구 영역을 인식하고, 상기 안구 영역 내에 포함된 동공의 중심점을 획득하는 시선 추적부; 및상기 시선 추적부를 통해 인식된 상기 동공의 정보를 이용하여 피사체의 시선을 추적하는 제어부를 포함하고,상기 제 2 영상 프레임은 상기 제 1 영상 프레임 보다 높은 해상도를 가지고,상기 시선 추적부는 상기 안구 영역에 대하여 원형 검출 알고리즘과 이진화 기법을 수행하여 상기 동공의 중심 위치를 획득하고,상기 원형 검출 알고리즘은 내부 원과 외부 원으로 구성되는 원형 검출 템플릿을 상기 안구 영역 내의 상기 동공 영역으로 이동시켜 상기 템플릿의 상기 내부 원과 상기 외부 원의 그레이 레벨 합 차가 가장 큰 부분을 검출하고 상기 검출한 영역의 중심점을 상기 동공의 중심점으로 획득하고, 상기 이진화 기법은 상기 안구 영역 내에서 임계값을 기준으로 어두운 영역과 밝은 영역으로 나누고, 상기 어두운 영역을 상기 동공 영역으로 판단하고 상기 어두운 영역에 대한 무게 중심을 상기 동공의 실질적인 중심점으로 판단하는 시선 추적 장치.
[청구항11]제 10 항에 있어서,상기 광이 입사되는 방향은 상기 포토센서 상에 입사된 광의 방향인 시선 추적 장치.
[청구항12]제 10 항에 있어서,상기 마이크로렌즈 어레이는 복수 개의 마이크로 렌즈로 구성되고, 상기 메인 렌즈에서 상기 광이 통과하는 개구인 서브 어퍼쳐의 개수는 상기 마이크로 렌즈 어레이에 대응되는 상기 포토센서의 픽셀 수와 동일한 시선 추적 장치.
[청구항13]삭제
[청구항14]제 10항에 있어서,상기 고해상도 영상 생성부는,상기 복수 개의 제 1 영상 프레임에 대해 영상 보간 알고리즘을 적용하는 시선 추적 장치.
[청구항15]제 10항에 있어서,상기 고해상도 영상 생성부는,상기 복수 개의 제 1 영상 프레임에서 상기 안구 영역을 검출하고, 상기 복수개의 제 1 영상 프레임에서 인식된 상기 안구 영역을 상기 제 2 영상 프레임에서 확대한 확대 영상을 생성하는 시선 추적 장치.
[청구항16]제 10항에 있어서,상기 제어부는,상기 피사체가 복수 개일 경우 상기 복수의 피사체 각각에 대한 상기 안구 영역을 확대한 영상을 생성하고, 상기 동공을 인식하여 상기 복수의 피사체 각각에 대한 상기 시선을 추적하는 시선 추적 장치.
[청구항17]제 16항에 있어서,상기 제어부는,추적한 상기 복수의 피사체 각각에 대한 시선 정보를 표시하는 시선 추적 장치.
[청구항18]삭제
[청구항19]삭제"
14,,리지 패턴 기록 시스템,ridge pattern recording system,A61B 5/117(2023.01)|G06V 10/00(2022.01),G06K 9/78(2013.01)|A61B 5/117(2013.01),1.02015E+12,2012.08.08,아빌마 리미티드 라이어빌리티 컴퍼니(러시아 ****** 케이브이.** 상트페테르부르크 유엘. 부다페시스트카야 ***/**),20140304,1.0201E+12,2019.08.07,1.02014E+12,2014.05.08,,2019.08.13,PCT/RU2012/000672,2012.08.08,WO2013022387,2013.02.14,2011134823 (2011.08.10) 러시아RU,등록,등록결정(일반),,,,Y(2017.07.31),5,"본 발명은 생체 인식 분야에 관한 것이다. 본 발명의 기술적 효과는 고품질의 이미지를 제공하며 치수들을 작게 하고 동작속도를 높여주며 에너지 소비를 감시켜 주는 리지 패턴 기록 시스템의 신뢰도가 높아지게 되며 비용이 감소하게 된다. 상기 리지 패턴 기록 시스템은 광원, 주사면(scanning surface)의 위치를 결정하는 컴포넌트, 광학 시스템, 다중-요소 이미지 센서, 전자 메모리 및 처리 유닛을 포함하며, 이 경우에 상기 리지 패턴 기록 시스템으로부터의 전자식 출력 이미지는 상기 처리 장치에서 병합 처리함으로써 상기 주사면으로부터의 광학 이미지에 결부되는 적어도 2개의 이미지에 결부되고, L보다 작은 파장들을 갖는 방사비임이 L보다 큰 파장들을 갖는 방사비임보다 적어도 5배 크며, L의 값은, 이하의 수학식 0.37・L 1.5 /(A・N・T 1 .2 ) 003c# 1인 조건을 만족시키며, 상기 수학식 중, L은 마이크로미터 단위의 경계 파장이고, T는 마이크로미터 단위의 감광 요소들의 간격이며, A는 이미지 센서 측 상에서의 광학 시스템의 개구수(numerical aperture)이고, N은 상기 출력 이미지의 한 요소에 대한 이미지 센서의 감광 요소들의 개수이다.",프라이트코브 안톤 세르게예비치(러시아 ****** 상트페테르부르크 케이브이.**  유엘. 부다페시스트카야 ***/**),"리앤목특허법인(서울 강남구 언주로 **길 **, *층, **층, **층, **층(도곡동, 대림아크로텔))",아빌마 리미티드 라이어빌리티 컴퍼니(러시아 ****** 케이브이.** 상트페테르부르크 유엘. 부다페시스트카야 ***/**),,,"[청구항1]리지 패턴들을 기록하는 시스템에 있어서,상기 시스템은,광을 방출하도록 구성된 광원;주사면(scanning surface)을 지니는 요소로서, 상기 주사면 상의 상기 리지 패턴들의 위치들에 기초하여 광을 반사하도록 구성된, 요소;상기 반사된 광에 기초하여 상기 주사면의 적어도 하나의 이미지를 형성하도록 구성된 광학 시스템;복수 개의 감광 요소들을 지니는 이미지 센서로서, 상기 광학 시스템에 의해 형성된 상기 적어도 하나의 이미지에 기초하여 복수 개의 중간 이미지들을 생성하도록 구성된, 이미지 센서;상기 복수 개의 중간 이미지들을 저장하도록 구성된 전자 메모리; 및처리 유닛;을 포함하며,상기 처리 유닛은,상기 주사면의 동일한 영역에 해당하는 상기 복수 개의 중간 이미지들의 대응되는 요소들에 대한 강도 값들의 평균을 냄으로써 출력 이미지를 생성하도록 구성되고,상기 출력 이미지의 해당 요소에 상기 평균 강도 값을 할당하도록 구성되며,상기 복수 개의 중간 이미지들 각각은 상기 이미지 센서의 상기 복수 개의 감광 요소들과 전기적으로 결부되어 있고, 상기 복수 개의 감광 요소들은 상기 광원 및 상기 주사면과 광학적으로 결부되어 있으며,상기 이미지 센서의 감도의 스펙트럼 범위에서, 경계 파장(boundary wavelength; L)보다 작은 파장들을 지니는 유용한 총 광속은 상기 경계 파장(L)보다 큰 파장들을 지니는 표류하는(stray) 총 광속보다 적어도 5배 크고, L은,이하의 수학식인 조건을 만족시키며, 상기 수학식 중,L은 마이크로미터 단위로 표기되는, 상기 광원으로부터 방출되는 광의 경계 파장이고,T는 마이크로미터 단위로 표기되는, 상기 이미지 센서의 상기 복수 개의 감광 요소들의 중심들 간의 간격이며,A는 상기 이미지 센서 상에 상기 주사면의 상기 적어도 하나의 이미지를 형성하도록 구성된 상기 광학 시스템의 개구수(numerical aperture)이고,N은 상기 출력 이미지의 한 요소당 상기 이미지 센서 내 감광 요소들의 개수인 것을 특징으로 하는, 리지 패턴들의 기록 시스템.
[청구항2]제1항에 있어서, 상기 처리 유닛은 컴퓨터인 것을 특징으로 하는, 리지 패턴들의 기록 시스템.
[청구항3]제1항에 있어서, 상기 처리 유닛은 디지털 신호 프로세서인 것을 특징으로 하는, 리지 패턴들의 기록 시스템.
[청구항4]제1항에 있어서, 상기 이미지 센서, 전자 메모리 및 처리 유닛은 단일 구조 요소로 일체화되는 것을 특징으로 하는, 리지 패턴들의 기록 시스템.
[청구항5]제1항에 있어서, 상기 이미지 센서는 단색(monochromatic) 이미지 센서인 것을 특징으로 하는, 리지 패턴들의 기록 시스템."
15,,색-기반 학습을 위한 전자 장치 및 그 동작 방법,electronic device and operation method for color-based learning,G09B 5/02(2006.01)|G09B 19/00(2006.01)|G06Q 50/10(2012.01)|G06V 10/00(2022.01)|G06F 3/00(2006.01),G09B 5/02(2013.01)|G09B 19/00(2013.01)|G06Q 50/10(2013.01)|G06V 10/00(2013.01)|G06F 3/005(2013.01),1.02021E+12,2021.12.30,(주)웅진씽크빅(경기도 파주시...),,1.0269E+12,2024.07.26,1.02023E+12,2023.07.07,,2024.07.31,,,,,,등록,등록결정(일반),,,,Y(2021.12.30),21,"일 실시예에 따르면, 전자 장치로서, 제 1 포트; 디스플레이; 메모리; 및 적어도 하나의 프로세서;를 포함하고, 상기 적어도 하나의 프로세서는: 촬영된 이미지를 획득하고, 상기 획득된 이미지는 문서와 연관되고, 상기 획득된 이미지에 기반하여, 상기 문서의 현재 펼쳐진 제 1 페이지의 종류를 식별하고, 상기 식별된 제 1 페이지의 종류가 선 그림에 의해 정의되는 적어도 하나의 영역을 포함하는 종류의 페이지인 경우, 상기 획득된 이미지에 기반하여 상기 문서의 상기 제 1 페이지 상에 배치되는 마커의 종류에 대한 정보 및 상기 제 1 페이지의 제 1 식별 정보를 획득하고, 상기 메모리에 저장된 복수의 컨텐트들 중 상기 마커의 상기 종류 및 상기 제 1 페이지의 상기 식별 정보와 연관된 특정 컨텐트를 상기 디스플레이에 표시하도록 설정되고, 상기 특정 컨텐트는 상기 마커와 연관된 색에 대응하는 감정 및/또는 감각을 나타내는 컨텐트를 포함하는, 전자 장치가 제공될 수 있다. 그 밖의 다양한 실시예가 가능하다.",임서영(경기도 파주시...)|황명현(경기도 파주시...)|김효진(경기도 파주시...),이건주(서울 종로구 명륜동*가 ***-*  미화빌딩 이건주특허법률사무소)|강호덕(서울특별시 종로구 대학로*길 ** (명륜*가) 미화빌딩(이건주특허법률사무소)),(주)웅진씽크빅(경기도 파주시...),,,"[청구항1]전자 장치에 있어서,카메라;디스플레이; 복수의 색들과, 상기 복수의 색들에 대응하는 복수의 감정들을 저장하는 메모리; 및적어도 하나의 프로세서;를 포함하고, 상기 적어도 하나의 프로세서는:상기 카메라를 이용하여, 마커가 배치된 문서의 제 1 페이지에 대한 이미지를 획득하고,상기 획득된 이미지에 기반하여, 상기 제 1 페이지를 식별하고,상기 식별된 제 1 페이지가 하나 이상의 오브젝트들을 포함하는 페이지인 경우, 상기 획득된 이미지에 기반하여 상기 문서의 상기 제 1 페이지 상에 배치되는 마커에 대한 정보 및 상기 제 1 페이지의 제 1 식별 정보를 획득하고,상기 마커에 대한 정보 및 상기 제 1 페이지의 상기 제 1 식별 정보에 기반하여, 컨텐트를 상기 디스플레이를 통하여 표시하도록 설정되고,상기 적어도 하나의 프로세서는:상기 획득된 이미지에 기반하여 상기 마커의 색을 확인하고,상기 획득된 이미지에 기반하여, 상기 하나 이상의 오브젝트들 중에서, 상기 제 1 페이지 내에서 상기 마커의 위치에 위치하는 제 1 오브젝트를 확인하고,상기 메모리에 저장된 상기 복수의 감정들 중 상기 확인된 마커의 색에 대응하는 감정을 확인하고,상기 제 1 오브젝트에 대응하고 상기 확인된 감정을 표현하는 제 1 그래픽 오브젝트를 포함하는 상기 컨텐트를 상기 디스플레이를 통하여 표시하도록 설정된,전자 장치.
[청구항2]제 1 항에 있어서,상기 컨텐트는 AR(augmented reality) 오브젝트를 포함하는,전자 장치.
[청구항3]제 1 항에 있어서, 상기 마커의 종류는, 단일 색을 포함하는 제 1 마커, 복수의 색들이 연속적으로 배열되는 제 2 마커, 및 상보적인 색들을 포함하는 제 3 마커를 포함하는,전자 장치.
[청구항4]제 3 항에 있어서,상기 적어도 하나의 프로세서는:상기 제 1 페이지 상에 종류가 제 1 마커인 복수의 마커들이 배치된 경우, 상기 복수의 마커들이 중첩되는지 여부를 판단하고, 상기 제 1 페이지 상에 복수의 마커들이 중첩되는 것으로 판단된 경우: 상기 복수의 마커들에 대응하는 복수의 제 1 색들을 식별하고,상기 메모리에 저장된 복수의 감정들 중에서, 상기 복수의 제 1 색들에 대응하는 복수의 제 1 감정들을 식별하고, 및상기 복수의 제 1 감정들 및 상기 제 1 페이지의 식별 정보와 연관된 컨텐트를 상기 디스플레이 상에 표시하도록 설정된,전자 장치.
[청구항5]제 4 항에 있어서, 상기 적어도 하나의 프로세서는:상기 제 1 페이지 상에 복수의 마커들이 중첩되는 것으로 판단된 경우:상기 하나 이상의 오브젝트들 중에서 상기 복수의 마커들의 위치들에 위치하는 제 2 오브젝트의 속성을, 상기 복수의 제 1 감정들에 기반하여, 변경하도록 설정된,전자 장치.
[청구항6]제 5 항에 있어서,상기 중첩되는 복수의 마커들 중 최상단에 배치된 제 1 마커와 연관된 감정의 우선 순위가, 상기 복수의 마커들 중 상기 제 1 마커 아래 배치된 제 2 마커와 연관된 감정의 우선 순위에 비하여 높은,전자 장치.
[청구항7]제 5 항에 있어서,상기 적어도 하나의 프로세서는:상기 제 1 페이지 상에 상기 복수의 마커들이 중첩되는 것으로 판단된 경우:상기 복수의 마커들에 대응하는 상기 복수의 제 1 색들이 혼합된 색에 대한 정보를 상기 디스플레이 상에 표시하도록 설정된,전자 장치.
[청구항8]제 3 항에 있어서,상기 적어도 하나의 프로세서는:상기 마커의 종류가 상기 제 2 마커인 경우, 상기 획득된 이미지에 기반하여 상기 제 1 페이지 상에 배치된 상기 마커의 영역들 중 사용자에 의해 선택되는 특정 영역을 식별하고,상기 복수의 색들 중 상기 식별된 특정 영역의 색을 식별하고,상기 식별된 색에 대응하는 감정과 상기 제 1 페이지의 상기 제 1 식별 정보와 연관된 상기 컨텐트를 상기 디스플레이에 표시하도록 설정되는,전자 장치.
[청구항9]제 8 항에 있어서,상기 적어도 하나의 프로세서는:상기 획득된 이미지에 기반하여 상기 사용자에 의해 선택되는 영역이 변경됨을 식별하고,상기 특정 영역의 색에 대응하는 감정과 연관된 제 1 컨텐트 및 상기 변경된 영역의 색에 대응하는 감정과 연관된 제 2 컨텐트를 순차적으로 표시하도록 설정된,전자 장치.
[청구항10]제 3 항에 있어서,상기 적어도 하나의 프로세서는:상기 마커의 종류가 상기 제 3 마커인 경우, 상기 획득된 이미지에 기반하여 상기 제 1 페이지 상에 배치된 상기 마커의 영역들 중 사용자에 의해 선택되는 특정 영역을 식별하고,상기 복수의 색들 중 상기 식별된 특정 영역의 색을 식별하고,상기 식별된 색에 대응하는 감정과 연관된 제 3 컨텐트 및 상기 식별된 색의 상보적인 색에 대응하는 감정과 연관된 제 4 컨텐트를 순차적으로 상기 디스플레이에 표시하도록 설정되는,전자 장치.
[청구항11]전자 장치의 프로세서에 의해 실행 가능한 프로그램 코드를 저장하는 비일시적 컴퓨터 판독가능 매체에 있어서, 상기 프로그램 코드가 실행되는 경우 상기 프로그램 코드는 상기 프로세서가:상기 전자 장치의 카메라를 이용하여, 마커가 배치된 문서의 제 1 페이지에 대한 이미지를 획득하고,상기 획득된 이미지에 기반하여, 상기 제 1 페이지를 식별하고,상기 식별된 제 1 페이지가 하나 이상의 오브젝트들을 포함하는 페이지인 경우, 상기 획득된 이미지에 기반하여 상기 문서의 상기 제 1 페이지 상에 배치되는 마커에 대한 정보 및 상기 제 1 페이지의 제 1 식별 정보를 획득하고, 및상기 마커에 대한 정보 및 상기 제 1 페이지의 상기 제 1 식별 정보에 기반하여, 컨텐트를 상기 전자 장치의 디스플레이를 통하여 표시하도록 하고,경우 상기 프로그램 코드는 상기 프로세서가:상기 획득된 이미지에 기반하여 상기 마커의 색을 확인하고,상기 획득된 이미지에 기반하여, 상기 하나 이상의 오브젝트들 중에서, 상기 제 1 페이지 내에서 상기 마커의 위치에 위치하는 제 1 오브젝트를 확인하고,복수의 색들에 대응하고 상기 전자 장치의 메모리에 저장된 복수의 감정들 중 상기 확인된 마커의 색에 대응하는 감정을 확인하고, 및상기 제 1 오브젝트에 대응하고 상기 확인된 감정을 표현하는 제 1 그래픽 오브젝트를 포함하는 상기 컨텐트를 상기 전자 장치의 디스플레이를 통하여 표시하도록 하는,비일시적 컴퓨터 판독가능 매체.
[청구항12]제 11 항에 있어서, 상기 컨텐트는 AR(augmented reality) 오브젝트를 포함하는,비일시적 컴퓨터 판독가능 매체.
[청구항13]제 11 항에 있어서, 상기 마커의 종류는, 단일 색을 포함하는 제 1 마커, 복수의 색들이 연속적으로 배열되는 제 2 마커, 및 상보적인 색들을 포함하는 제 3 마커를 포함하는,비일시적 컴퓨터 판독가능 매체.
[청구항14]제 13 항에 있어서,상기 프로그램 코드가 실행되는 경우 상기 프로그램 코드는 상기 프로세서가:상기 제 1 페이지 상에 종류가 제 1 마커인 복수의 마커들이 배치된 경우, 상기 복수의 마커들이 중첩되는지 여부를 판단하고, 상기 제 1 페이지 상에 복수의 마커들이 중첩되는 것으로 판단된 경우: 상기 복수의 마커들에 대응하는 복수의 제 1 색들을 식별하고,상기 메모리에 저장된 복수의 감정들 중에서, 상기 복수의 제 1 색들에 대응하는 복수의 제 1 감정들을 식별하고,상기 복수의 제 1 감정들 및 상기 제 1 페이지의 식별 정보와 연관된 컨텐트를 상기 디스플레이 상에 표시하도록 하는,비일시적 컴퓨터 판독가능 매체.
[청구항15]제 14 항에 있어서, 상기 프로그램 코드가 실행되는 경우 상기 프로그램 코드는 상기 프로세서가:상기 제 1 페이지 상에 복수의 마커들이 중첩되는 것으로 판단된 경우:상기 하나 이상의 오브젝트들 중에서 상기 복수의 마커들의 위치들에 위치하는 제 2 오브젝트의 속성을, 상기 복수의 제 1 감정들에 기반하여, 변경하도록 하는,비일시적 컴퓨터 판독가능 매체.
[청구항16]제 15 항에 있어서,상기 중첩되는 복수의 마커들 중 최상단에 배치된 제 1 마커와 연관된 감정의 우선 순위가, 상기 복수의 마커들 중 상기 제 1 마커 아래 배치된 제 2 마커와 연관된 감정의 우선 순위에 비하여 높은,비일시적 컴퓨터 판독가능 매체.
[청구항17]제 15 항에 있어서,상기 프로그램 코드가 실행되는 경우 상기 프로그램 코드는 상기 프로세서가:상기 제 1 페이지 상에 상기 복수의 마커들이 중첩되는 것으로 판단된 경우:상기 복수의 마커들에 대응하는 상기 복수의 제 1 색들이 혼합된 색에 대한 정보를 상기 디스플레이 상에 표시하도록 하는,비일시적 컴퓨터 판독가능 매체.
[청구항18]제 13 항에 있어서,상기 프로그램 코드가 실행되는 경우 상기 프로그램 코드는 상기 프로세서가:상기 마커의 종류가 상기 제 2 마커인 경우, 상기 획득된 이미지에 기반하여 상기 제 1 페이지 상에 배치된 상기 마커의 영역들 중 사용자에 의해 선택되는 특정 영역을 식별하고,상기 복수의 색들 중 상기 식별된 특정 영역의 색을 식별하고,상기 식별된 색에 대응하는 감정과 상기 제 1 페이지의 상기 제 1 식별 정보와 연관된 상기 컨텐트를 상기 디스플레이에 표시하도록 하는,비일시적 컴퓨터 판독가능 매체.
[청구항19]제 18 항에 있어서,상기 프로그램 코드가 실행되는 경우 상기 프로그램 코드는 상기 프로세서가:상기 획득된 이미지에 기반하여 상기 사용자에 의해 선택되는 영역이 변경됨을 식별하고,상기 특정 영역의 색에 대응하는 감정과 연관된 제 1 컨텐트 및 상기 변경된 영역의 색에 대응하는 감정과 연관된 제 2 컨텐트를 순차적으로 표시하도록 하는,비일시적 컴퓨터 판독가능 매체.
[청구항20]제 13 항에 있어서,상기 프로그램 코드가 실행되는 경우 상기 프로그램 코드는 상기 프로세서가:상기 마커의 종류가 상기 제 3 마커인 경우, 상기 획득된 이미지에 기반하여 상기 제 1 페이지 상에 배치된 상기 마커의 영역들 중 사용자에 의해 선택되는 특정 영역을 식별하고,상기 복수의 색들 중 상기 식별된 특정 영역의 색을 식별하고,상기 식별된 색에 대응하는 감정과 연관된 제 3 컨텐트 및 상기 식별된 색의 상보적인 색에 대응하는 감정과 연관된 제 4 컨텐트를 순차적으로 상기 디스플레이에 표시하도록 하는,비일시적 컴퓨터 판독가능 매체.
[청구항21]전자 장치에 있어서,카메라;디스플레이; 복수의 색들과, 상기 복수의 색들에 대응하는 복수의 감각들을 저장하는 메모리; 및적어도 하나의 프로세서;를 포함하고, 상기 적어도 하나의 프로세서는:상기 카메라를 이용하여, 마커가 배치된 문서의 제 1 페이지에 대한 이미지를 획득하고,상기 획득된 이미지에 기반하여, 상기 제 1 페이지를 식별하고,상기 식별된 제 1 페이지가 하나 이상의 오브젝트들을 포함하는 페이지인 경우, 상기 획득된 이미지에 기반하여 상기 문서의 상기 제 1 페이지 상에 배치되는 마커에 대한 정보 및 상기 제 1 페이지의 제 1 식별 정보를 획득하고,상기 마커에 대한 정보 및 상기 제 1 페이지의 상기 제 1 식별 정보에 기반하여, 컨텐트를 상기 디스플레이를 통하여 표시하도록 설정되고, 상기 적어도 하나의 프로세서는:상기 획득된 이미지에 기반하여 상기 마커의 색을 확인하고,상기 획득된 이미지에 기반하여, 상기 하나 이상의 오브젝트들 중에서, 상기 제 1 페이지 내에서 상기 마커의 위치에 위치하는 제 1 오브젝트를 확인하고,상기 메모리에 저장된 상기 복수의 감각들 중 상기 확인된 마커의 색에 대응하는 감각을 확인하고,상기 제 1 오브젝트에 대응하고 상기 확인된 감각을 표현하는 제 1 그래픽 오브젝트를 포함하는 상기 컨텐트를 상기 디스플레이를 통하여 표시하도록 설정된,전자 장치."
16,,스마트폰 기반 방법들 및 시스템들,smartphone-based methods and systems,G06F 9/445(2018.01)|G06F 8/61(2018.01)|G06V 10/00(2022.01)|G06F 9/50(2018.01)|G06Q 30/06(2023.01)|G10L 15/28(2006.01)|G10L 25/78(2013.01)|G10L 25/81(2013.01)|G10L 25/84(2013.01)|H04M 1/725(2021.01),G06F 9/445(2013.01)|G06F 8/61(2013.01)|G06F 9/3885(2013.01)|H04M 1/72403(2013.01)|G06Q 30/06(2013.01)|G10L 15/285(2013.01)|G10L 25/78(2013.01)|G10L 25/81(2013.01)|G10L 25/84(2013.01)|H04M 1/72522(2013.01)|H04L 2463/101(2013.01)|H04M 2250/52(2013.01),1.02014E+12,2011.11.04,"디지맥 코포레이션(미국,오레곤*****,비버톤,에스더블유 제미니 드라이브 ****)",20130603,1.0201E+12,2019.08.07,1.02013E+12,2013.10.30,,2019.08.13,PCT/US2011/059412,2011.11.04,WO2012061760,2012.05.10,"13/174,258 (2011.06.30) 미국US|13/207,841 (2011.08.11) 미국US|13/278,949 (2011.10.21) 미국US|61/410,217 (2010.11.04) 미국US|61/449,529 (2011.03.04) 미국US|61/467,862 (2011.03.25) 미국US|61/471,651 (2011.04.04) 미국US|61/479,323 (2011.04.26) 미국US|61/483,555 (2011.05.06) 미국US|61/485,888 (2011.05.13) 미국US|61/501,602 (2011.06.27) 미국US",등록,등록결정(일반),,,,Y(2016.11.02),17,"스마트폰들 및 태블릿 컴퓨터들과 같은, 휴대용 디바이스들을 포함하는 방법들 및 장치들이 개시된다. 하나의 장치는 예술적 의도와 전달 사이의 연속성을 보장하도록, 콘텐트의 창작자가 그 창작자의 콘텐트를 렌더링하기 위한 소프트웨어를 선택할 수 있게 한다. 다른 장치는 근처의 대상들을 식별하는데 스마트폰 카메라를 이용하고, 그에 기초하여 동작들을 취한다. 다른 것들은 객체들의 근거리 칩(RFID) 식별 또는 오디오 스트림들(예를 들면, 음악, 목소리)의 식별에 의존한다. 상세히 설명된 기술들 중 일부는 이러한 디바이스들과 연관된 사용자 인터페이스들의 개선들에 관한 것이다. 다른 것들은 쇼핑, 텍스트 입력, 사인 언어 번역, 및 비전 기반 발견에 관한 이러한 디바이스들의 사용을 포함한다. 또 다른 개선들은 예를 들면, 증거 기반 상태 머신들 및 블랙보드 시스템들과 관련한 현실적인 아키텍처이다. 또 다른 기술들은 휴대용 디바이스들에서 업링크된 데이터를 이용하는 것에 관한 것으로, 이들 중 일부는 GPU 능력들을 활용한다. 또 다른 기술들은 계산적 사진술에 관한 것이다.",데이비스 브루스 엘.(미국 오리건주 ***** 레이크 오스웨고 빌리지 드라이브 ****)|로드리게즈 토니 에프.(미국 오리건주 ***** 포틀랜드 에스더블유 엘리너 레인 ****)|로즈 제프리 비.(미국 오리건주 ***** 웨스트 린 에스더블유 캠벨 레인 *****)|알레 조슈아 브이.(미국 오리건주 ***** 포틀랜드 에스이 피콕 레인 ***)|콘웰 윌리암 와이.(미국 오리건주 ****** 포틀랜드 에스더블유 타워 웨이 ****)|오웬 제린 케이.(미국 오리건주 ***** 뉴버그 엔이 앨버트 웨이 *****)|알라타르 아드난 엠.(미국 오리건주 ***** 티가드 에스더블유 체스터필드 레인 *****)|로저스 엘리엇(미국 오리건주 ***** 비버턴 에스더블유 데이비스 ****)|브래들리 브렛 에이.(미국 오리건주 ***** 포틀랜드 에스이 **번째 애비뉴 ****)|리드 알라스테어 엠.(미국 오리건주 ***** 레이크 오스웨고 *번째 스트리트 ***)|브랜디스 로버트 크레이그(미국 오리건주 ***** 포틀랜드 엔이 **번째 애비뉴 ****),"장훈(서울특별시 종로구 세종대로 ***, **층 (세종로, 광화문빌딩)(법무법인센트럴))","디지맥 코포레이션(미국,오레곤*****,비버톤,에스더블유 제미니 드라이브 ****)",,2,"[청구항1]미디어 및 물리적 객체들을 인식 및/또는 식별하는 방법으로서, 상기 방법은 오디오 및 시각 콘텐트를 감지하는 마이크로폰 및 카메라 센서들을 갖춘 모바일 장치를 이용하며, 상기 방법은:상기 모바일 장치의 프로세서가 런칭되어야 하는 제 1 인식 대행자(recognition agents)를 결정하고, 상기 제 1 인식 대행자를 런칭하고, 상기 제 1 인식 대행자가 리스트에서 선택된 제 1 인식 프로세스를 수행하고, 상기 리스트는 이미지 워터마크 인식, 패턴 매칭, 객체 인식, 얼굴 인식, 바코드 인식, 사인(sign) 언어 인식, 광학적 문자 인식, 오디오 워터마크 인식, 음성 인식, 및 음악 인식을 포함하는, 제 1 시간에서의 동작; 및상기 프로세서에서 런칭되어야 하는 제 2 인식 대행자를 결정하고, 상기 제 2 인식 대행자를 런칭하고, 상기 제 2 인식 대행자가 상기 리스트에서 선택된 제 2 인식 프로세스를 수행하는, 제 2 시간에서의 동작을 포함하고,상기 제 1 시간에서의 상기 결정은, 상기 모바일 장치가 위치한 주위 환경을 비추는 고체 상태 램프 픽스처로부터 디코딩된 식별자 데이터에 따르는, 방법.
[청구항2]제 1 항에 있어서,상기 프로세서는 상기 제 1 시간에서, 인식 대행자들 중의 제 1 쌍이 런칭되어야 하는 것을 결정하고, 인식 대행자들 중의 상기 제 1 쌍은 상기 리스트로부터 선택되는, 방법.
[청구항3]제 2 항에 있어서,인식 대행자들 중의 상기 제 1 쌍은 바코드 인식 및 이미지 워터마크 인식을 수행하는, 방법.
[청구항4]제 1 항에 있어서,상기 모바일 장치의 상기 카메라 센서들에 의해 상기 고체 상태 램프 픽스처로부터의 광을 감지하는 단계로서, 상기 카메라 센서들은 초당 N 프레임의 비율로 이미지를 캡처하는, 상기 광을 감지하는 단계; 및초당 N 비트보다 높은 비율을 가지는 데이터를 복구하기 위하여 상기 캡처된 이미지를 처리하는 단계를 포함하는, 방법.
[청구항5]제 4 항에 있어서,상기 제 1 시간의 결정은, GPS 수신기를 포함하는 고체 상태 램프 픽스처로부터 디코딩된 데이터에 따르는, 방법.
[청구항6]제 4 항에 있어서,상기 고체 상태 램프 픽스처로부터 디코딩된 식별자 데이터는, 안테나를 사용하는 상기 램프 픽스처에 의해 무선으로 수신된 데이터에 따르는, 방법.
[청구항7]제 1 항에 있어서,상기 제 1 시간에서, 상기 고체 상태 램프 픽스처로부터 디코딩된 상기 식별자 데이터에 따라, 이미지 워터마크 인식을 수행하는 제 1 인식 대행자가 런칭되어야 하는 것을 결정하고, 상기 제 1 인식 대행자를 런칭하는, 방법.
[청구항8]제 1 항에 있어서,상기 제 1 시간에서, 상기 고체 상태 램프 픽스처로부터 디코딩된 상기 식별자 데이터에 따라, 패턴 매칭을 수행하는 제 1 인식 대행자가 런칭되어야 하는 것을 결정하고, 상기 제 1 인식 대행자를 런칭하는, 방법.
[청구항9]제 1 항에 있어서,상기 제 1 시간에서, 상기 고체 상태 램프 픽스처로부터 디코딩된 상기 식별자 데이터에 따라, 객체 인식을 수행하는 제 1 인식 대행자가 런칭되어야 하는 것을 결정하고, 상기 제 1 인식 대행자를 런칭하는, 방법.
[청구항10]제 1 항에 있어서,상기 제 1 시간에서, 상기 고체 상태 램프 픽스처로부터 디코딩된 상기 식별자 데이터에 따라, 얼굴 인식을 수행하는 제 1 인식 대행자가 런칭되어야 하는 것을 결정하고, 상기 제 1 인식 대행자를 런칭하는, 방법.
[청구항11]제 1 항에 있어서,상기 제 1 시간에서, 상기 고체 상태 램프 픽스처로부터 디코딩된 상기 식별자 데이터에 따라, 바코드 인식을 수행하는 제 1 인식 대행자가 런칭되어야 하는 것을 결정하고, 상기 제 1 인식 대행자를 런칭하는, 방법.
[청구항12]제 1 항에 있어서,상기 제 1 시간에서, 상기 고체 상태 램프 픽스처로부터 디코딩된 상기 식별자 데이터에 따라, 사인 언어 인식을 수행하는 제 1 인식 대행자가 런칭되어야 하는 것을 결정하고, 상기 제 1 인식 대행자를 런칭하는, 방법.
[청구항13]제 1 항에 있어서,상기 제 1 시간에서, 상기 고체 상태 램프 픽스처로부터 디코딩된 상기 식별자 데이터에 따라, 광학적 문자 인식을 수행하는 제 1 인식 대행자가 런칭되어야 하는 것을 결정하고, 상기 제 1 인식 대행자를 런칭하는, 방법.
[청구항14]제 1 항에 있어서,상기 제 1 시간에서, 상기 고체 상태 램프 픽스처로부터 디코딩된 상기 식별자 데이터에 따라, 오디오 워터마크 인식을 수행하는 제 1 인식 대행자가 런칭되어야 하는 것을 결정하고, 상기 제 1 인식 대행자를 런칭하는, 방법.
[청구항15]제 1 항에 있어서,상기 제 1 시간에서, 상기 고체 상태 램프 픽스처로부터 디코딩된 상기 식별자 데이터에 따라, 음성 인식을 수행하는 제 1 인식 대행자가 런칭되어야 하는 것을 결정하고, 상기 제 1 인식 대행자를 런칭하는, 방법.
[청구항16]제 1 항에 있어서,상기 제 1 시간에서, 상기 고체 상태 램프 픽스처로부터 디코딩된 상기 식별자 데이터에 따라, 음악 인식을 수행하는 제 1 인식 대행자가 런칭되어야 하는 것을 결정하고, 상기 제 1 인식 대행자를 런칭하는, 방법.
[청구항17]마이크로폰 및 카메라 센서들을 갖춘 모바일 장치를 설정하도록 동작하는 소프트웨어 명령들을 포함하는 비일시적 컴퓨터 판독 가능 기록 매체로서, 상기 소프트웨어 명령들은 상기 마이크로폰 및 카메라 센서들을 갖춘 모바일 장치로 하여금:런칭(launch)되어야 하는 제 1 인식 대행자를 결정하고, 상기 제 1 인식 대행자를 런칭하고, 상기 제 1 인식 대행자가 리스트에서 선택된 제 1 인식 프로세스를 수행하고, 상기 리스트는 이미지 워터마크 인식, 패턴 매칭, 객체 인식, 얼굴 인식, 바코드 인식, 사인(sign) 언어 인식, 광학적 문자 인식, 오디오 워터마크 인식, 음성 인식, 및 음악 인식을 포함하는, 제 1 시간에서의 동작 및런칭되어야 하는 제 2 인식 대행자를 결정하고, 상기 제 2 인식 대행자를 런칭하고, 상기 제 2 인식 대행자가 상기 리스트에서 선택된 제 2 인식 프로세스를 수행하는, 제 2 시간에서의 동작을 수행하게 하고,상기 제 1 시간에서의 상기 결정은, 상기 모바일 장치가 위치한 주위 환경을 비추는 고체 상태 램프 픽스처로부터 상기 모바일 장치에 의해 디코딩된 데이터에 따르는, 비일시적 컴퓨터 판독 가능 기록 매체.
[청구항18]삭제
[청구항19]삭제
[청구항20]삭제
[청구항21]삭제
[청구항22]삭제
[청구항23]삭제
[청구항24]삭제
[청구항25]삭제
[청구항26]삭제
[청구항27]삭제
[청구항28]삭제
[청구항29]삭제
[청구항30]삭제
[청구항31]삭제
[청구항32]삭제
[청구항33]삭제
[청구항34]삭제
[청구항35]삭제
[청구항36]삭제
[청구항37]삭제
[청구항38]삭제
[청구항39]삭제
[청구항40]삭제
[청구항41]삭제
[청구항42]삭제
[청구항43]삭제
[청구항44]삭제
[청구항45]삭제
[청구항46]삭제
[청구항47]삭제
[청구항48]삭제
[청구항49]삭제
[청구항50]삭제
[청구항51]삭제
[청구항52]삭제
[청구항53]삭제
[청구항54]삭제
[청구항55]삭제
[청구항56]삭제
[청구항57]삭제
[청구항58]삭제
[청구항59]삭제
[청구항60]삭제
[청구항61]삭제
[청구항62]삭제
[청구항63]삭제
[청구항64]삭제
[청구항65]삭제
[청구항66]삭제
[청구항67]삭제
[청구항68]삭제
[청구항69]삭제
[청구항70]삭제
[청구항71]삭제
[청구항72]삭제
[청구항73]삭제
[청구항74]삭제
[청구항75]삭제
[청구항76]삭제
[청구항77]삭제
[청구항78]삭제
[청구항79]삭제
[청구항80]삭제
[청구항81]삭제
[청구항82]삭제
[청구항83]삭제
[청구항84]삭제
[청구항85]삭제
[청구항86]삭제
[청구항87]삭제
[청구항88]삭제
[청구항89]삭제
[청구항90]삭제
[청구항91]삭제
[청구항92]삭제
[청구항93]삭제
[청구항94]삭제
[청구항95]삭제
[청구항96]삭제
[청구항97]삭제
[청구항98]삭제
[청구항99]삭제
[청구항100]삭제
[청구항101]삭제
[청구항102]삭제
[청구항103]삭제
[청구항104]삭제
[청구항105]삭제
[청구항106]삭제
[청구항107]삭제
[청구항108]삭제
[청구항109]삭제
[청구항110]삭제
[청구항111]삭제
[청구항112]삭제
[청구항113]삭제
[청구항114]삭제
[청구항115]삭제
[청구항116]삭제
[청구항117]삭제
[청구항118]삭제
[청구항119]삭제
[청구항120]삭제
[청구항121]삭제
[청구항122]삭제
[청구항123]삭제
[청구항124]삭제
[청구항125]삭제
[청구항126]삭제
[청구항127]삭제
[청구항128]삭제
[청구항129]삭제
[청구항130]삭제
[청구항131]삭제
[청구항132]삭제
[청구항133]삭제
[청구항134]삭제
[청구항135]삭제
[청구항136]삭제
[청구항137]삭제
[청구항138]삭제
[청구항139]삭제
[청구항140]삭제
[청구항141]삭제
[청구항142]삭제
[청구항143]삭제
[청구항144]삭제
[청구항145]삭제
[청구항146]삭제
[청구항147]삭제
[청구항148]삭제
[청구항149]삭제
[청구항150]삭제
[청구항151]삭제
[청구항152]삭제
[청구항153]삭제
[청구항154]삭제
[청구항155]삭제
[청구항156]삭제
[청구항157]삭제
[청구항158]삭제
[청구항159]삭제
[청구항160]삭제
[청구항161]삭제
[청구항162]삭제
[청구항163]삭제
[청구항164]삭제
[청구항165]삭제
[청구항166]삭제
[청구항167]삭제
[청구항168]삭제
[청구항169]삭제
[청구항170]삭제
[청구항171]삭제
[청구항172]삭제
[청구항173]삭제
[청구항174]삭제
[청구항175]삭제
[청구항176]삭제
[청구항177]삭제
[청구항178]삭제
[청구항179]삭제
[청구항180]삭제
[청구항181]삭제
[청구항182]삭제
[청구항183]삭제
[청구항184]삭제
[청구항185]삭제
[청구항186]삭제
[청구항187]삭제
[청구항188]삭제
[청구항189]삭제
[청구항190]삭제
[청구항191]삭제
[청구항192]삭제
[청구항193]삭제
[청구항194]삭제
[청구항195]삭제
[청구항196]삭제
[청구항197]삭제
[청구항198]삭제
[청구항199]삭제
[청구항200]삭제
[청구항201]삭제"